,Rank,Song Name,Artist,Duration,Album
0,1,Wonderwall,Oasis,259,(What's the Story) Morning Glory?
1,2,The Scientist,Coldplay,309,A Rush of Blood to the Head
2,3,Yellow,Coldplay,267,Parachutes
3,4,Fix You,Coldplay,294,X&Y
4,5,Chasing Cars,Snow Patrol,0,Eyes Open
5,6,Iris,Goo Goo Dolls,289,Dizzy Up the Girl
6,7,I'm Yours,Jason Mraz,242,I'm Yours
7,8,I Will Follow You Into The Dark,Death Cab for Cutie,0,Plans
8,9,How to Save a Life,The Fray,290,How to Save a Life
9,10,Love Will Tear Us Apart,Joy Division,0,Die Kalten Winde Des Winters
10,11,She Will Be Loved,Maroon 5,379,Songs About Jane
11,12,Such Great Heights,The Postal Service,262,Give Up
12,13,Skinny Love,Bon Iver,239,"For Emma, Forever Ago"
13,14,Fake Plastic Trees,Radiohead,285,The Bends
14,15,Friday I'm in Love,The Cure,214,Greatest Hits
15,16,Somewhere Only We Know,Keane,234,Hopes and Fears
16,17,This Love,Maroon 5,0,Songs About Jane
17,18,Best I Ever Had,Drake,257,So Far Gone
18,19,I MISS YOU,blink-182,227,
19,20,Here Without You,3 Doors Down,235,Away from the Sun
20,21,Someone Like You,Adele,283,21
21,22,Don't Speak,No Doubt,304,The Singles 1992-2003
22,23,Just Like Heaven,The Cure,0,Greatest Hits
23,24,Halo,Beyoncé,262,I Am... Sasha Fierce
24,25,With or Without You,U2,296,The Joshua Tree
25,26,The Reason,Hoobastank,231,Is This The Day?
26,27,Hey There Delilah,Plain White T's,233,All That We Needed
27,28,All I Need,Radiohead,261,In Rainbows
28,29,Heartbeats,José González,0,Heartbeats
29,30,Better Together,Jack Johnson,253,In Between Dreams
30,31,My Immortal,Evanescence,0,Fallen
31,32,You've Got the Love,Florence + the Machine,167,Lungs
32,33,Maps,Yeah Yeah Yeahs,0,Fever To Tell
33,34,Hallelujah,Jeff Buckley,256,Grace
34,35,Set Fire to the Rain,Adele,239,21
35,36,House of Cards,Radiohead,352,In Rainbows
36,37,I Don't Want to Miss a Thing,Aerosmith,299,Armageddon
37,38,You're Beautiful,James Blunt,214,Back to Bedlam
38,39,Bleeding Love,Leona Lewis,260,Spirit
39,40,One,U2,277,Achtung Baby
40,41,Home,Edward Sharpe & The Magnetic Zeros,302,
41,42,All You Need Is Love,The Beatles,228,Magical Mystery Tour
42,43,Digital Love,Daft Punk,298,Discovery
43,44,Ho Hey,The Lumineers,163,The Lumineers
44,45,Lovesong,The Cure,211,Disintegration
45,46,Chasing Pavements,Adele,210,19
46,47,Something,The Beatles,159,Abbey Road
47,48,There Is a Light That Never Goes Out,The Smiths,242,The Queen Is Dead
48,49,Banana Pancakes,Jack Johnson,186,In Between Dreams
49,50,Something About Us,Daft Punk,232,Discovery
50,51,We Found Love (feat. Calvin Harris),Rihanna,215,Talk That Talk
51,52,Love Is a Losing Game,Amy Winehouse,156,Back to Black
52,53,Green Eyes,Coldplay,0,A Rush of Blood to the Head
53,54,Linger,The Cranberries,297,"Everybody Else Is Doing It, So Why Can't We?"
54,55,Breathe Me,Sia,189,Colour the Small One
55,56,Love Lockdown,Kanye West,270,808s & Heartbreak
56,57,Fidelity,Regina Spektor,214,Begin to Hope
57,58,"Hey, Soul Sister",Train,405,"Save Me, San Francisco"
58,59,Run,Snow Patrol,346,Final Straw
59,60,Strawberry Swing,Coldplay,249,Viva la Vida or Death and All His Friends
60,61,Somebody to Love,Queen,473,Greatest Hits
61,62,Just the Way You Are,Bruno Mars,217,Doo-Wops & Hooligans
62,63,Heart Skipped a Beat,The xx,242,xx
63,64,First Day of My Life,Bright Eyes,183,First Day of My Life
64,65,Your Song,Elton John,240,Greatest Hits
65,66,Make You Feel My Love,Adele,212,19
66,67,Love Song,Sara Bareilles,234,Little Voice
67,68,Naked As We Came,Iron & Wine,175,
68,69,Warning Sign,Coldplay,0,A Rush of Blood to the Head
69,70,Open Your Eyes,Snow Patrol,341,Eyes Open
70,71,Sparks,Coldplay,269,Parachutes
71,72,Kiss Me,Sixpence None the Richer,206,Sixpence None the Richer
72,73,Let's Stay Together,Al Green,196,Let's Stay Together
73,74,Come Away with Me,Norah Jones,200,Come Away with Me
74,75,Lovefool,The Cardigans,198,Best Of
75,76,This Modern Love,Bloc Party,265,Silent Alarm
76,77,Cosmic Love,Florence + the Machine,292,Lungs
77,78,Love Me Do,The Beatles,142,Please Please Me
78,79,Wouldn't It Be Nice,The Beach Boys,145,Stack-O-Tracks
79,80,I Want to Hold Your Hand,The Beatles,146,1
80,81,Your Love Is My Drug,Ke$ha,188,Animal
81,82,Can't Buy Me Love,The Beatles,133,1
82,83,Unfaithful,Rihanna,229,A Girl Like Me
83,84,No One,Alicia Keys,246,As I Am
84,85,Samson,Regina Spektor,227,Begin to Hope
85,86,If I Were a Boy,Beyoncé,251,Knuffelrock 2012 - Jubileum-Editie
86,87,Cannonball,Damien Rice,247,O
87,88,Wherever You Will Go,The Calling,208,Camino Palmero
88,89,Love Story,Taylor Swift,233,Fearless
89,90,Where Is the Love,Black Eyed Peas,515,Elephunk
90,91,Thinkin Bout You,Frank Ocean,203,channel ORANGE
91,92,Bubbly,Colbie Caillat,198,Coco
92,93,Breakeven,The Script,261,The Script
93,94,Pictures of You,The Cure,476,Disintegration
94,95,A Message,Coldplay,285,X&Y
95,96,My Girl,The Temptations,177,The Ultimate Collection
96,97,Thank You,Dido,218,Greatest Hits
97,98,Let Me Love You,Mario,256,Turning Point
98,99,In the Aeroplane Over the Sea,Neutral Milk Hotel,216,In the Aeroplane Over the Sea
99,100,Stand By Me,Ben E. King,179,Stand by Me
100,101,Apologize,OneRepublic,354,Dreaming Out Loud
101,102,Far Away,Nickelback,0,All The Right Reasons
102,103,Lying Is the Most Fun a Girl Can Have Without Taking Her Clothes Off,Panic! at the Disco,200,A Fever You Can't Sweat Out
103,104,Such Great Heights,Iron & Wine,256,
104,105,A Rush of Blood to the Head,Coldplay,416,A Rush of Blood to the Head
105,106,Apologize,Timbaland,185,Apologize
106,107,Nothing Better,The Postal Service,226,Give Up
107,108,Your Body Is a Wonderland,John Mayer,249,Room for Squares
108,109,Wonderful Tonight,Eric Clapton,0,The Cream of Clapton
109,110,Goodbye My Lover,James Blunt,256,Back to Bedlam
110,111,Love The Way You Lie,Eminem,0,Recovery
111,112,Falling Away With You,Muse,280,Absolution
112,113,Marching Bands of Manhattan,Death Cab for Cutie,252,Plans
113,114,Re: Stacks,Bon Iver,401,"For Emma, Forever Ago"
114,115,You Found Me,The Fray,242,The Fray
115,116,The Man Who Can't Be Moved,The Script,240,The Script
116,117,The Only Exception,Paramore,267,Brand New Eyes
117,118,Crown of Love,Arcade Fire,0,Funeral
118,119,Replay,Iyaz,182,Replay
119,120,To Be Alone With You,Sufjan Stevens,165,Seven Swans
120,121,If I Ever Feel Better,Phoenix,268,United
121,122,With You,Chris Brown,252,Exclusive
122,123,Forever,Chris Brown,277,Exclusive: The Forever Edition
123,124,She Loves You,The Beatles,136,1
124,125,Young and Beautiful,Lana Del Rey,235,The Dome: Summer 2013
125,126,Meet Me Halfway,Black Eyed Peas,0,The E.N.D. (The Energy Never Dies)
126,127,A Thousand Miles,Vanessa Carlton,235,Be Not Nobody
127,128,Swallowed in the Sea,Coldplay,238,X&Y
128,129,Stop Crying Your Heart Out,Oasis,303,Heathen Chemistry
129,130,A Lack of Color,Death Cab for Cutie,216,Transatlanticism
130,131,Eight Days a Week,The Beatles,165,Beatles for Sale
131,132,Your Heart Is an Empty Room,Death Cab for Cutie,219,Plans
132,133,Is This Love,Bob Marley & The Wailers,233,
133,134,God Only Knows,The Beach Boys,169,Summer Dreams
134,135,Off to the Races,Lana Del Rey,300,Born to Die - The Paradise Edition
135,136,Jar of Hearts,Christina Perri,247,Jar of Hearts
136,137,9 Crimes,Damien Rice,219,9
137,138,Nothing Compares 2 U,Sinéad O'Connor,280,I Do Not Want What I Haven't Got
138,139,Wish You Were Here,Incubus,247,Monuments And Melodies
139,140,Blood Bank,Bon Iver,284,Blood Bank
140,141,The Blower's Daughter,Damien Rice,284,O
141,142,No One's Gonna Love You,Band of Horses,235,Acoustic At The Ryman
142,143,Ocean Avenue,Yellowcard,0,Ocean Avenue
143,144,Always,blink-182,251,blink-182
144,145,"Flightless Bird, American Mouth",Iron & Wine,243,
145,146,Bridge over Troubled Water,Simon & Garfunkel,0,
146,147,I Will Always Love You,Whitney Houston,274,The Bodyguard
147,148,Take a Bow,Rihanna,228,Take a Bow
148,149,You Belong with Me,Taylor Swift,231,Fearless
149,150,Need You Now,Lady Antebellum,235,Need You Now
150,151,Thinking Out Loud,Ed Sheeran,280,x
151,152,In My Life,The Beatles,147,Rubber Soul
152,153,Transatlanticism,Death Cab for Cutie,475,Transatlanticism
153,154,Kiss from a Rose,Seal,309,Seal II
154,155,Endlessly,Muse,228,Absolution
155,156,The Ghost of You,My Chemical Romance,0,Three Cheers for Sweet Revenge
156,157,My Love,Justin Timberlake,278,Greatest Hits
157,158,Clark Gable,The Postal Service,296,Give Up
158,159,You Could Be Happy,Snow Patrol,182,Eyes Open
159,160,Here with Me,Dido,255,No Angel
160,161,Someday You Will Be Loved,Death Cab for Cutie,193,Plans
161,162,Everything Will Be Alright,The Killers,345,Hot Fuss
162,163,Brand New Colony,The Postal Service,252,Give Up
163,164,Careless Whisper,George Michael,304,Ladies & Gentlemen: The Best of George Michael
164,165,Knock You Down,Keri Hilson,327,Knock You Down
165,166,Skinny Love,Birdy,201,Birdy
166,167,Lips Of An Angel,Hinder,261,Extreme Behavior
167,168,Romeo and Juliet,Dire Straits,354,Making Movies
168,169,You Give Me Something,James Morrison,212,Undiscovered
169,170,What Sarah Said,Death Cab for Cutie,380,Plans
170,171,I Don't Love You,My Chemical Romance,237,The Black Parade
171,172,All of Me,John Legend,0,Love in the Future
172,173,Creature Fear,Bon Iver,186,"For Emma, Forever Ago"
173,174,Do You Realize??,The Flaming Lips,213,Yoshimi Battles The Pink Robots
174,175,Dilemma,Nelly,289,6 Derrty Hits
175,176,Radio,Lana Del Rey,215,Born to Die - The Paradise Edition
176,177,We Will Become Silhouettes,The Postal Service,0,Give Up
177,178,Don't You Remember,Adele,244,21
178,179,Brothers on a Hotel Bed,Death Cab for Cutie,0,Plans
179,180,Fields of Gold,Sting,226,Ten Summoner's Tales
180,181,Dakota,Stereophonics,297,Language. Sex. Violence. Other?
181,182,When You're Gone,Avril Lavigne,0,The Softer Side
182,183,Slow Dancing in a Burning Room,John Mayer,241,Continuum
183,184,I'm Gonna Be (500 Miles),The Proclaimers,219,Finest
184,185,Fade Into You,Mazzy Star,291,So Tonight That I Might See
185,186,Unintended,Muse,237,Showbiz
186,187,Love Hurts,Incubus,237,Light Grenades
187,188,Set the Fire to the Third Bar,Snow Patrol,239,Up to Now
188,189,Pale Blue Eyes,The Velvet Underground,383,The Velvet Underground
189,190,If I Ain't Got You,Alicia Keys,232,The Diary of Alicia Keys
190,191,Jóga,Björk,326,Homogenic
191,192,But It's Better If You Do,Panic! at the Disco,183,A Fever You Can't Sweat Out
192,193,Wicked Game,Chris Isaak,284,Wicked Game
193,194,Delicate,Damien Rice,311,O
194,195,Angels,Robbie Williams,239,Greatest Hits
195,196,The One That Got Away,Katy Perry,227,Teenage Dream
196,197,All the Right Moves,OneRepublic,237,Waking Up
197,198,Can't Help Falling in Love,Elvis Presley,178,Elvis 75
198,199,You and Me,Lifehouse,195,Lifehouse
199,200,You're All I Have,Snow Patrol,272,Eyes Open
200,201,I'm with You,Avril Lavigne,0,Let Go
201,202,5 Years Time,Noah and the Whale,0,"Peaceful, The World Lays Me Down"
202,203,Do You Remember,Jack Johnson,249,In Between Dreams
203,204,One and Only,Adele,348,21
204,205,Still Loving You,Scorpions,385,Love at First Sting
205,206,Rehab,Rihanna,294,Good Girl Gone Bad
206,207,Michelle,The Beatles,159,Rubber Soul
207,208,Suspicious Minds,Elvis Presley,273,Elvis 75
208,209,Playground Love,Air,216,Playground Love
209,210,Wrecking Ball,Miley Cyrus,223,Wrecking Ball
210,211,Thinking of You,Katy Perry,246,One of the Boys
211,212,More Than Words,Extreme,334,Extreme II: Pornograffitti
212,213,Lovesong,Adele,0,21
213,214,"Holland, 1945",Neutral Milk Hotel,192,In the Aeroplane Over the Sea
214,215,When I Was Your Man,Bruno Mars,213,Unorthodox Jukebox
215,216,Look After You,The Fray,295,How to Save a Life
216,217,All My Loving,The Beatles,128,With The Beatles
217,218,Golden Slumbers,The Beatles,92,Abbey Road
218,219,Better in Time,Leona Lewis,234,Spirit
219,220,Last Goodbye,Jeff Buckley,277,Grace
220,221,Hanging by a Moment,Lifehouse,214,No Name Face
221,222,Thinking About You,Radiohead,161,Pablo Honey
222,223,Girl,The Beatles,149,Rubber Soul
223,224,Little Bit,Lykke Li,273,Youth Novels
224,225,Won't Go Home Without You,Maroon 5,231,It Won't Be Soon Before Long
225,226,At Last,Etta James,171,At Last
226,227,To Build a Home,The Cinematic Orchestra,193,Ma Fleur
227,228,Daydreamer,Adele,220,19
228,229,Colorblind,Counting Crows,220,This Desert Life
229,230,Lay Lady Lay,Bob Dylan,198,Nashville Skyline
230,231,And I Love Her,The Beatles,151,A Hard Day's Night
231,232,I Will Possess Your Heart,Death Cab for Cutie,224,Narrow Stairs
232,233,It's Oh So Quiet,Björk,223,Post
233,234,I'd Rather Dance With You,Kings of Convenience,207,Riot on an Empty Street
234,235,Crash into Me,Dave Matthews Band,397,Crash
235,236,We Belong Together,Mariah Carey,202,The Emancipation of Mimi
236,237,All Is Full of Love,Björk,0,Homogenic
237,238,We're Going to Be Friends,The White Stripes,143,White Blood Cells
238,239,Can't Help But Wait,Trey Songz,205,Trey Day
239,240,I Would Do Anything for You,Foster the People,214,Torches
240,241,Volcano,Damien Rice,278,O
241,242,Roulette,System of a Down,201,Steal This Album!
242,243,Us,Regina Spektor,319,Soviet Kitsch
243,244,Bedshaped,Keane,330,Hopes and Fears
244,245,When It Rains,Paramore,215,RIOT!
245,246,Stickwitu,The Pussycat Dolls,207,PCD
246,247,Sea of Love,Cat Power,141,The Covers Record
247,248,Purple Rain,Prince,243,The Very Best of Prince
248,249,Hear You Me,Jimmy Eat World,288,Bleed American
249,250,From Me to You,The Beatles,116,1
250,251,Love on Top,Beyoncé,267,4
251,252,Photograph,Ed Sheeran,258,x
252,253,I Want to Know What Love Is,Foreigner,304,The Very Best of Foreigner
253,254,Dig,Incubus,258,Look Alive
254,255,Accidentally in Love,Counting Crows,188,Accidentally In Love
255,256,Always,Bon Jovi,354,Cross Road
256,257,Shape Of My Heart,Sting,278,Ten Summoner's Tales
257,258,Treasure,Bruno Mars,179,Unorthodox Jukebox
258,259,The Hills,The Weeknd,0,Beauty Behind the Madness
259,260,Daughters,John Mayer,304,Heavier Things
260,261,Lua,Bright Eyes,271,Lua
261,262,Stubborn Love,The Lumineers,279,The Lumineers
262,263,Collide,Howie Day,0,Stop All The World Now
263,264,Shut Up and Dance,Walk the Moon,199,Talking Is Hard
264,265,Animal,Neon Trees,212,Habits
265,266,Te Amo,Rihanna,208,Rated R
266,267,Heaven,Bryan Adams,238,So Far So Good
267,268,I Want You,Bob Dylan,188,Blonde on Blonde
268,269,Walking After You,Foo Fighters,247,The Colour and the Shape
269,270,"Hold On, We're Going Home",Drake,231,Now That's What I Call Summer
270,271,Love Today,Mika,234,Life in Cartoon Motion
271,272,Look What You've Done,Jet,236,Look What You've Done
272,273,So Sorry,Feist,464,The Reminder
273,274,"Build God, Then We'll Talk",Panic! at the Disco,220,A Fever You Can't Sweat Out
274,275,Marry You,Bruno Mars,230,Doo-Wops & Hooligans
275,276,Angeles,Elliott Smith,170,Either/Or
276,277,We Might as Well Be Strangers,Keane,192,Hopes and Fears
277,278,Amber,311,208,From Chaos
278,279,The Sharpest Lives,My Chemical Romance,200,The Black Parade
279,280,High,James Blunt,244,Back to Bedlam
280,281,Time to Dance,Panic! at the Disco,233,A Fever You Can't Sweat Out
281,282,Glycerine,Bush,266,Sixteen Stone
282,283,Lovely Rita,The Beatles,159,Sgt. Pepper's Lonely Hearts Club Band
283,284,Ride,Lana Del Rey,293,Born to Die - The Paradise Edition
284,285,I Won't Give Up,Jason Mraz,197,I Won't Give Up
285,286,"Jesus, Etc.",Wilco,276,Yankee Hotel Foxtrot
286,287,Tiny Vessels,Death Cab for Cutie,299,Transatlanticism
287,288,No. 1 Party Anthem,Arctic Monkeys,243,AM
288,289,Feel,Robbie Williams,223,Escapology
289,290,Please Don't Leave Me,P!nk,362,Funhouse
290,291,Say Yes,Elliott Smith,0,Either/Or
291,292,Truly Madly Deeply,Savage Garden,276,Savage Garden
292,293,Never Say Never,The Fray,259,The Fray
293,294,Hotline Bling,Drake,0,Views
294,295,Home,Michael Bublé,225,It's Time
295,296,Love Me Again,John Newman,238,Love Me Again
296,297,Push,Matchbox Twenty,266,Yourself or Someone Like You
297,298,"Here, There and Everywhere",The Beatles,147,Revolver
298,299,Without You,Lana Del Rey,229,Born to Die - The Paradise Edition
299,300,I Miss You,Incubus,168,Make Yourself
300,301,Don't Matter,Akon,294,Konvicted
301,302,Like a Star,Corinne Bailey Rae,147,Corinne Bailey Rae
302,303,Hands Down,Dashboard Confessional,249,"A Mark, A Mission, A Brand, A Scar"
303,304,Head Over Feet,Alanis Morissette,265,Jagged Little Pill
304,305,Passenger Seat,Death Cab for Cutie,221,Transatlanticism
305,306,Say Hello to the Angels,Interpol,268,Turn on the Bright Lights
306,307,Never Tear Us Apart,INXS,182,Kick
307,308,Strangers in the Night,Frank Sinatra,156,Sinatra Reprise: The Very Good Years
308,309,Everytime,Britney Spears,232,In the Zone
309,310,Beach Baby,Bon Iver,160,Blood Bank
310,311,Digital Bath,Deftones,0,White Pony
311,312,Unchained Melody,The Righteous Brothers,218,Unchained Melody
312,313,Emergency,Paramore,235,All We Know Is Falling
313,314,How Deep Is Your Love,Bee Gees,242,Love Songs
314,315,Got to Get You Into My Life,The Beatles,151,Revolver
315,316,I Will,The Beatles,106,Anthology 3
316,317,Big Girls Don't Cry,Fergie,268,The Dutchess
317,318,Goodnight and Go,Imogen Heap,232,Speak for Yourself
318,319,Your Ex-Lover Is Dead,Stars,256,Set Yourself on Fire
319,320,Here (In Your Arms),Hellogoodbye,240,Zombies! Aliens! Vampires! Dinosaurs!
320,321,Say Goodbye,Chris Brown,280,Chris Brown
321,322,Last Request,Paolo Nutini,214,These Streets
322,323,We Are Broken,Paramore,0,RIOT!
323,324,Waiting In Vain,Bob Marley & The Wailers,256,
324,325,With Me,Sum 41,291,Underclass Hero
325,326,Angel,Sarah McLachlan,270,Surfacing
326,327,Make This Go on Forever,Snow Patrol,334,Eyes Open
327,328,Broken,Seether,258,Disclaimer
328,329,Killing Me Softly with His Song,Fugees,295,Greatest Hits
329,330,Everything,Lifehouse,367,No Name Face
330,331,It Must Have Been Love,Roxette,232,Greatest Hits
331,332,Sorry,Justin Bieber,0,Purpose (Deluxe)
332,333,Each Coming Night,Iron & Wine,0,
333,334,She Is,The Fray,256,How to Save a Life
334,335,You've Got to Hide Your Love Away,The Beatles,131,Help!
335,336,First Love,Adele,190,19
336,337,Love Lost,The Temper Trap,216,Conditions
337,338,Pagan Poetry,Björk,0,Vespertine
338,339,I'm Not in Love,10cc,362,The Very Best of 10cc
339,340,Best Thing I Never Had,Beyoncé,253,4
340,341,The Way I Am,Ingrid Michaelson,124,Girls and Boys
341,342,Julia,The Beatles,235,Anthology 3
342,343,Baby,Justin Bieber,216,My World 2.0
343,344,Only Love,Ben Howard,240,Every Kingdom
344,345,Black Balloon,Goo Goo Dolls,250,Dizzy Up the Girl
345,346,The Heart of Life,John Mayer,199,Continuum
346,347,Hate That I Love You,Rihanna,222,Good Girl Gone Bad
347,348,All I Want,Kodaline,305,The Kodaline EP
348,349,Flowers in Your Hair,The Lumineers,110,The Lumineers
349,350,Woman,John Lennon,210,Lennon Legend: The Very Best of John Lennon
350,351,Hello,Lionel Richie,244,Back to Front
351,352,U Got It Bad,Usher,248,8701
352,353,Burn,Usher,257,The Singles Collection
353,354,Anyone Else But You,The Moldy Peaches,176,The Moldy Peaches
354,355,Airplanes,Local Natives,238,Gorilla Manor
355,356,Love You To,The Beatles,179,Revolver
356,357,Because of You,Ne-Yo,307,100X Zomer 2010
357,358,Everything,Michael Bublé,217,Call Me Irresponsible
358,359,Listen to Your Heart,Roxette,329,Look Sharp!
359,360,My Body,Young the Giant,244,Young the Giant
360,361,Ordinary People,John Legend,281,Get Lifted
361,362,Happy Ending,Mika,0,Life in Cartoon Motion
362,363,Love Love Love,Of Monsters and Men,238,My Head Is an Animal
363,364,Wonderwall,Ryan Adams,249,Love Is Hell
364,365,Toothpaste Kisses,The Maccabees,169,Colour It In
365,366,Trouble,Ray LaMontagne,255,Trouble
366,367,Is This Love,Whitesnake,280,Greatest Hits
367,368,Your Song,Ellie Goulding,190,Bright Lights
368,369,Lilac Wine,Jeff Buckley,272,Grace
369,370,"Lover, You Should've Come Over",Jeff Buckley,403,Grace
370,371,Nicest Thing,Kate Nash,245,Made of Bricks
371,372,Bruises,Chairlift,242,Does You Inspire You
372,373,A Thousand Years,Christina Perri,288,A Thousand Years
373,374,Bed Of Roses,Bon Jovi,395,Cross Road
374,375,Can You Feel the Love Tonight,Elton John,241,Greatest Hits 1970-2002
375,376,Only in Dreams,Weezer,0,The Kitchen Tapes
376,377,Hallelujah,Rufus Wainwright,251,The Best of Rufus Wainwright
377,378,The One I Love,R.E.M.,197,Document
378,379,Without You I'm Nothing,Placebo,250,Without You I'm Nothing
379,380,Clumsy,Fergie,240,The Dutchess
380,381,Give Me Love,Ed Sheeran,324,+
381,382,The Limit to Your Love,Feist,261,The Reminder
382,383,Love Hurts,Nazareth,0,Hair of the Dog
383,384,Isn't She Lovely,Stevie Wonder,200,Stevie Wonder's Original Musiquarium I
384,385,Dreaming With a Broken Heart,John Mayer,369,Continuum
385,386,Only One,Yellowcard,257,Beyond Ocean Avenue: Live at the Electric Factory
386,387,Orange Sky,Alexi Murdoch,371,Time Without Consequence
387,388,"Nails for Breakfast, Tacks for Snacks",Panic! at the Disco,203,A Fever You Can't Sweat Out
388,389,Sleeping with Ghosts,Placebo,279,Sleeping with Ghosts
389,390,Eternal Flame,The Bangles,235,Everything
390,391,I'm Looking Through You,The Beatles,148,Yesterday & Today
391,392,Lover's Spit,Broken Social Scene,384,You Forgot It In People
392,393,Still into You,Paramore,216,Paramore
393,394,Talk Show Host,Radiohead,0,B-Sides
394,395,Leif Erikson,Interpol,241,Turn on the Bright Lights
395,396,Boston,Augustana,246,All The Stars and Boulevards
396,397,Don't Cry (original),Guns N' Roses,283,Don't Cry
397,398,You And I Both,Jason Mraz,0,Waiting for My Rocket to Come
398,399,La La Love You,Pixies,163,Doolittle
399,400,Crack the Shutters,Snow Patrol,256,A Hundred Million Suns
400,401,Gravity,Sara Bareilles,313,Little Voice
401,402,Almost Lover,A Fine Frenzy,257,One Cell in the Sea
402,403,Unravel,Björk,0,Homogenic
403,404,Possibly Maybe,Björk,359,Post
404,405,Haven't Met You Yet,Michael Bublé,245,Crazy Love
405,406,I Could Have Lied,Red Hot Chili Peppers,244,Blood Sugar Sex Magik
406,407,Love Street,The Doors,171,Waiting for the Sun
407,408,Must Get Out,Maroon 5,239,Songs About Jane
408,409,Slow Show,The National,254,Boxer
409,410,You Are Not Alone,Michael Jackson,337,Number Ones
410,411,Unwell,Matchbox Twenty,237,More Than You Think You Are
411,412,Pumpkin Soup,Kate Nash,179,Made of Bricks
412,413,4 in the Morning,Gwen Stefani,283,4 In The Morning
413,414,Love Me Tender,Elvis Presley,166,ELV1S 30 #1 Hits
414,415,Whataya Want from Me,Adam Lambert,265,For Your Entertainment
415,416,At the Bottom of Everything,Bright Eyes,224,Motion Sickness: Live Recordings
416,417,I'm Sticking With You,The Velvet Underground,147,VU
417,418,Disenchanted,My Chemical Romance,298,The Black Parade
418,419,Littlest Things,Lily Allen,180,"Alright, Still"
419,420,The Girl,City and Colour,360,Bring Me Your Love
420,421,Drunk in Love,Beyoncé,0,Beyoncé
421,422,Same Love (feat. Mary Lambert),Macklemore & Ryan Lewis,318,
422,423,Your Guardian Angel,The Red Jumpsuit Apparatus,232,Don't You Fake It
423,424,(Everything I Do) I Do It for You,Bryan Adams,393,So Far So Good
424,425,True Love Way,Kings of Leon,242,Because of the Times
425,426,Keep Holding On,Avril Lavigne,239,Keep Holding On
426,427,True Love Waits,Radiohead,302,I Might Be Wrong: Live Recordings
427,428,California King Bed,Rihanna,252,Loud
428,429,Name,Goo Goo Dolls,272,A Boy Named Goo
429,430,Baby Love,Nicole Scherzinger,213,Her Name Is Nicole
430,431,Love You Like a Love Song,Selena Gomez & the Scene,0,
431,432,When A Man Loves A Woman,Percy Sledge,173,His Greatest Hits
432,433,Heartbreak Warfare,John Mayer,270,Battle Studies
433,434,These Words,Natasha Bedingfield,216,Unwritten
434,435,Back in Your Head,Tegan and Sara,181,The Con
435,436,True Colors,Cyndi Lauper,229,True Colors
436,437,Tears and Rain,James Blunt,244,Back to Bedlam
437,438,Lover I Don't Have to Love,Bright Eyes,0,3 More Hit Songs From Bright Eyes
438,439,Broken Strings,James Morrison,254,My Songs 2010
439,440,Make Love,Daft Punk,290,Human After All
440,441,Lucky,Jason Mraz,189,We Sing. We Dance. We Steal Things.
441,442,For the First Time,The Script,251,Science & Faith
442,443,Amie,Damien Rice,638,O
443,444,Bed,J. Holiday,195,Back Of My Lac'
444,445,Always Be My Baby,Mariah Carey,259,Daydream
445,446,Kim & Jessie,M83,323,
446,447,Love Me Harder,Ariana Grande,236,My Everything
447,448,Sweetest Thing,U2,181,U218 Singles
448,449,Can't Fight This Feeling,REO Speedwagon,291,The Hits
449,450,All I Want Is You,Barry Louis Polisar,176,My Brother Thinks He's a Banana and other Provocative Songs for Children
450,451,As Long as You Love Me,Backstreet Boys,213,Backstreet's Back
451,452,"Please, Please, Please, Let Me Get What I Want",The Smiths,143,Louder Than Bombs
452,453,Song for You,Alexi Murdoch,261,Time Without Consequence
453,454,Introduction,Panic! at the Disco,36,A Fever You Can't Sweat Out
454,455,Unforgettable,Nat King Cole,166,The Ultimate Collection
455,456,So Real,Jeff Buckley,318,Grace
456,457,Forrest Gump,Frank Ocean,194,channel ORANGE
457,458,Yoü and I,Lady Gaga,246,Born This Way
458,459,Minerva,Deftones,257,Deftones
459,460,Love and Some Verses,Iron & Wine,220,
460,461,Chariot,Gavin DeGraw,240,Finest Hour: The Best Of Gavin DeGraw
461,462,Wonderful World,James Morrison,211,Undiscovered
462,463,West Coast,Coconut Records,210,Nighttiming
463,464,My Heart,Paramore,240,All We Know Is Falling
464,465,Always On Time,Ja Rule,246,Best Of Ja rule
465,466,Sweetest Goodbye,Maroon 5,270,Songs About Jane
466,467,Countdown,Beyoncé,213,4
467,468,Cold Water,Damien Rice,300,O
468,469,Two of Us,The Beatles,210,Let It Be... Naked
469,470,100 Years,Five for Fighting,249,The Battle For Everything
470,471,The Light,Common,230,Like Water for Chocolate
471,472,Touch My Body,Mariah Carey,515,E=MC²
472,473,My Heart Will Go On,Céline Dion,277,Let's Talk About Love
473,474,The Adventure,Angels & Airwaves,312,
474,475,Change The World,Eric Clapton,235,Clapton Chronicles: The Best of Eric Clapton
475,476,Underneath Your Clothes,Shakira,225,Laundry Service
476,477,Hero,Enrique Iglesias,251,Escape
477,478,Suga Suga,Baby Bash,241,Suga Suga
478,479,Angel,Aerosmith,308,Big Ones
479,480,I Just Called to Say I Love You,Stevie Wonder,261,The Definitive Collection
480,481,Faithfully,Journey,267,Greatest Hits
481,482,Til Kingdom Come,Coldplay,251,X & Y
482,483,Un-Break My Heart,Toni Braxton,262,Secrets
483,484,Bullet Proof...I Wish I Was,Radiohead,0,
484,485,The Dress Looks Nice on You,Sufjan Stevens,152,Seven Swans
485,486,Take My Breath Away,Berlin,345,Take My Breath Away
486,487,Hero,Mariah Carey,258,Music Box
487,488,If You Could Only See,Tonic,258,Lemon Parade
488,489,If I Needed Someone,The Beatles,0,Rubber Soul
489,490,If I Fell,The Beatles,0,A Hard Day's Night
490,491,Songbird,Oasis,128,Heathen Chemistry
491,492,The Word,The Beatles,164,Rubber Soul
492,493,Milk,Kings of Leon,240,Aha Shake Heartbreak
493,494,Realize,Colbie Caillat,319,Coco
494,495,I've Just Seen a Face,The Beatles,128,Help!
495,496,God's Plan,Drake,0,Scary Hours
496,497,Sunshine,Lupe Fiasco,235,Food & Liquor
497,498,Can You Tell,Ra Ra Riot,151,The Rhumb Line
498,499,This Years Love,David Gray,245,White Ladder
499,500,Josie,blink-182,185,Dude Ranch
500,501,Birds,Kate Nash,265,Made of Bricks
501,502,I Am Trying to Break Your Heart,Wilco,371,Yankee Hotel Foxtrot
502,503,Nine Million Bicycles,Katie Melua,193,Piece by Piece
503,504,Jealous Guy,John Lennon,251,Imagine
504,505,Hysteric,Yeah Yeah Yeahs,232,It's Blitz!
505,506,She Has No Time,Keane,317,Hopes and Fears
506,507,Remembering Sunday,All Time Low,256,"So Wrong, It's Right"
507,508,Try Sleeping with a Broken Heart,Alicia Keys,249,The Element of Freedom
508,509,The Boy Who Blocked His Own Shot,Brand New,263,Deja Entendu
509,510,Into You,Ariana Grande,0,Dangerous Woman
510,511,Lean on Me,Bill Withers,257,Lean on Me: The Best of Bill Withers
511,512,Lonely,Akon,235,80 From The 00s
512,513,What's Love Got to Do With It,Tina Turner,228,All the Best
513,514,Love at First Sight,Kylie Minogue,238,Fever
514,515,I Really Like You,Carly Rae Jepsen,0,I Really Like You
515,516,Who'd Have Known,Lily Allen,230,Who'd Have Known
516,517,Those to Come,The Shins,274,Chutes Too Narrow
517,518,Spread Your Love,Black Rebel Motorcycle Club,275,B.R.M.C.
518,519,Portions For Foxes,Rilo Kiley,316,More Adventurous
519,520,Hum Hallelujah,Fall Out Boy,230,Infinity on High
520,521,You Got Me,The Roots,259,You Got Me
521,522,Brighter Than Sunshine,Aqualung,315,Still Life
522,523,"Love Me Like You Do - From ""Fifty Shades of Grey""",Ellie Goulding,0,"Love Me Like You Do (From ""Fifty Shades of Grey"")"
523,524,You're Still the One,Shania Twain,214,Come on Over
524,525,By Your Side,Sade,294,Lovers Rock
525,526,Life in Technicolor II,Coldplay,245,Prospekt's March EP
526,527,Kiss Me,Ed Sheeran,278,+
527,528,Breathe (2 AM),Anna Nalick,280,Wreck of the Day
528,529,Addicted to You,Avicii,146,True
529,530,Pieces of Me,Ashlee Simpson,193,Autobiography
530,531,You Are the Sunshine of My Life,Stevie Wonder,178,Talking Book
531,532,Promise,Ciara,0,The Evolution
532,533,Mint Car,The Cure,208,Greatest Hits
533,534,I Just Can't Stop Loving You,Michael Jackson,241,Bad
534,535,Sunshine,Keane,253,Hopes and Fears
535,536,Slow It Down,The Lumineers,307,The Lumineers
536,537,Open Arms,Journey,199,Greatest Hits
537,538,I Should Have Known Better,The Beatles,163,A Hard Day's Night
538,539,One Time,Justin Bieber,215,My World
539,540,Gotta Be Somebody,Nickelback,0,Dark Horse
540,541,Big Girls Don't Cry (Personal),Fergie,268,The Dutchess
541,542,Cath...,Death Cab for Cutie,230,iTunes Live: London Festival '08
542,543,Echo,Incubus,214,Morning View
543,544,Seize the Day,Avenged Sevenfold,332,City of Evil
544,545,This Mess We're In,PJ Harvey,236,"Stories from the City, Stories from the Sea"
545,546,Dear God,Avenged Sevenfold,393,Avenged Sevenfold
546,547,Kreuzberg,Bloc Party,327,A Weekend In the City
547,548,Again,Lenny Kravitz,231,Greatest Hits
548,549,Thirty-Three,The Smashing Pumpkins,251,Rarities & B-Sides
549,550,Waltz #2 (XO),Elliott Smith,251,Rarities & B-Sides
550,551,Love Will Come Through,Travis,213,12 Memories
551,552,Come On Get Higher,Matt Nathanson,233,Some Mad Hope
552,553,Breathe In,Frou Frou,267,Details
553,554,Talking to the Moon,Bruno Mars,217,Doo-Wops & Hooligans
554,555,I'm Gonna Find Another You,John Mayer,163,Continuum
555,556,Vanilla Twilight,Owl City,232,Ocean Eyes
556,557,White Horse,Taylor Swift,235,Fearless
557,558,Love of My Life,Queen,299,A Night at the Opera
558,559,Little Motel,Modest Mouse,284,We Were Dead Before The Ship Even Sank
559,560,Tenerife Sea,Ed Sheeran,241,x
560,561,Right Here Waiting,Richard Marx,245,Greatest Hits
561,562,Bluish,Animal Collective,314,Merriweather Post Pavilion
562,563,Trust Me,The Fray,202,How to Save a Life
563,564,A Case of You,Joni Mitchell,265,Blue
564,565,To Be With You,Mr. Big,207,Lean Into It
565,566,Underneath It All,No Doubt,303,Rock Steady
566,567,She's Always a Woman,Billy Joel,202,Piano Man: The Very Best Of Billy Joel
567,568,Poison & Wine,The Civil Wars,219,
568,569,Just The Way You Are,Billy Joel,291,The Stranger
569,570,All My Life,K-Ci & JoJo,268,
570,571,I Believe I Can Fly,R. Kelly,320,R.
571,572,There Is,Box Car Racer,196,Box Car Racer
572,573,Let It Die,Feist,175,Let It Die
573,574,All I Want Is You,U2,340,Rattle And Hum
574,575,Paper Bag,Fiona Apple,219,Original Album Classics
575,576,The Warmth,Incubus,304,Make Yourself
576,577,Hey Mama,Kanye West,261,Late Registration
577,578,Stay,Rihanna,0,Live At SNL
578,579,Innocence,Avril Lavigne,150,The Softer Side
579,580,Small Bump,Ed Sheeran,259,+
580,581,Mess Is Mine,Vance Joy,223,Dream Your Life Away
581,582,Feel the Love - feat. John Newman,Rudimental,0,Home
582,583,Jolene,Ray LaMontagne,250,Trouble
583,584,I'm Like a Lawyer With the Way I'm Always Trying to Get You Off (Me & You),Fall Out Boy,215,
584,585,XO,Beyoncé,0,Beyoncé
585,586,"Okay I Believe You, But My Tommy Gun Don't",Brand New,0,Deja Entendu
586,587,Pierrot the Clown,Placebo,264,Meds Special Edition
587,588,Without You,Mariah Carey,215,Music Box
588,589,My Sweet Prince,Placebo,0,Without You I'm Nothing
589,590,Hope There's Someone,Antony and the Johnsons,261,I Am a Bird Now
590,591,Last Night I Dreamt That Somebody Loved Me,The Smiths,306,"Strangeways, Here We Come"
591,592,Closer,Travis,240,The Boy With No Name
592,593,I Need You,The Beatles,150,The Best of Beatles
593,594,Stripped,Depeche Mode,325,Black Celebration
594,595,"There's a Good Reason These Tables Are Numbered Honey, You Just Haven't Thought of It Yet",Panic! at the Disco,196,A Fever You Can't Sweat Out
595,596,Cheers Darlin',Damien Rice,349,O
596,597,Hold You in My Arms,Ray LaMontagne,306,Trouble
597,598,Your Love,Nicki Minaj,245,Pink Friday
598,599,Buried Myself Alive,The Used,242,The Used
599,600,It's Only Love,The Beatles,115,Help!
600,601,Say (All I Need),OneRepublic,230,Dreaming Out Loud
601,602,Mine,Taylor Swift,259,Speak Now
602,603,This Must Be the Place (Naive Melody),Talking Heads,296,Speaking in Tongues
603,604,Our Song,Taylor Swift,206,Taylor Swift
604,605,Love You Madly,Cake,237,Comfort Eagle
605,606,Sunday,Bloc Party,299,A Weekend In the City
606,607,When You're Gone,The Cranberries,295,Gold
607,608,Love Like Winter,AFI,166,Decemberunderground
608,609,Check Yes Juliet,We the Kings,220,We the Kings
609,610,I Don't Trust Myself (With Loving You),John Mayer,524,Continuum
610,611,Love Never Felt So Good,Michael Jackson,234,XSCAPE
611,612,Never Let This Go,Paramore,221,All We Know Is Falling
612,613,Unconditionally,Katy Perry,228,PRISM
613,614,United States of Eurasia (+Collateral Damage),Muse,0,
614,615,What Katie Did,The Libertines,136,The Libertines
615,616,"For the Widows in Paradise, for the Fatherless in Ypsilanti",Sufjan Stevens,237,Michigan
616,617,Love Is a Laserquest,Arctic Monkeys,191,Suck It and See
617,618,Firestone,Kygo,0,Firestone
618,619,It Will Rain,Bruno Mars,259,It Will Rain
619,620,Nothin' on You (feat. Bruno Mars),B.o.B,268,Now That's What I Call Music! 76
620,621,Angel,Jack Johnson,135,Sleep Through The Static
621,622,I Remember,Damien Rice,331,O
622,623,In the Morning of the Magicians,The Flaming Lips,391,Yoshimi Battles The Pink Robots
623,624,Same Mistake,James Blunt,299,All the Lost Souls
624,625,All Out of Love,Air Supply,241,Greatest Hits
625,626,Neon,John Mayer,262,Room for Squares
626,627,Fifteen,Taylor Swift,295,Fearless
627,628,Misguided Ghosts,Paramore,181,Brand New Eyes
628,629,Big Big Love (Fig. 2),Foals,347,Antidotes
629,630,I Belong to You,Lenny Kravitz,257,Greatest Hits
630,631,Music When the Lights Go Out,The Libertines,182,The Libertines
631,632,When You Say Nothing at All,Ronan Keating,261,10 Years of Hits
632,633,Maybe I'm Amazed,Paul McCartney,231,Wingspan: Hits and History
633,634,Where Does the Good Go,Tegan and Sara,203,So Jealous
634,635,Bottle It Up,Sara Bareilles,180,Little Voice
635,636,Lost In The World,Kanye West,0,My Beautiful Dark Twisted Fantasy
636,637,For You Blue,The Beatles,0,Let It Be... Naked
637,638,RX Queen,Deftones,268,White Pony
638,639,Fearless,Taylor Swift,240,Fearless
639,640,Cry,James Blunt,177,Back to Bedlam
640,641,Hero/Heroine,Boys Like Girls,232,Boys Like Girls
641,642,You Make It Real,James Morrison,209,"Songs for You, Truths for Me"
642,643,The Morning,The Weeknd,314,House of Balloons
643,644,Baby Can I Hold You,Tracy Chapman,193,Tracy Chapman
644,645,Go Slowly,Radiohead,0,In Rainbows Disk 2
645,646,Perfect,Ed Sheeran,0,÷ (Deluxe)
646,647,I'll Believe in Anything,Wolf Parade,276,Apologies to the Queen Mary
647,648,Dark Blue,Jack's Mannequin,251,Everything in Transit
648,649,Ladies and Gentlemen We Are Floating in Space,Spiritualized,220,Ladies and Gentlemen We Are Floating in Space
649,650,Home,Phillip Phillips,0,Home
650,651,She's Got You High,Mumm-Ra,206,These Things Move In Threes
651,652,"Perhaps, Perhaps, Perhaps",Cake,144,Fashion Nugget
652,653,You'll Be In My Heart,Phil Collins,96,Love Songs: A Compilation... Old and New
653,654,Everywhere,Michelle Branch,214,The Spirit Room
654,655,This Is Love,PJ Harvey,222,"Stories from the City, Stories from the Sea"
655,656,After Hours,The Velvet Underground,127,Live at Max's Kansas City
656,657,Falling Slowly,Glen Hansard & Markéta Irglová,244,
657,658,Battlefield,Jordin Sparks,241,Battlefield
658,659,You Are the Best Thing,Ray LaMontagne,227,Gossip In The Grain
659,660,Differences,Ginuwine,265,The Life
660,661,Degausser,Brand New,332,The Devil and God Are Raging Inside Me
661,662,L-O-V-E,Nat King Cole,152,The World of Nat King Cole
662,663,Next to Me,Emeli Sandé,196,Our Version of Events
663,664,Stop Me If You Think You've Heard This One Before,The Smiths,212,The Sound of The Smiths
664,665,Broken-Hearted Girl,Beyoncé,278,I Am... Sasha Fierce
665,666,That's the Way Love Goes,Janet Jackson,265,Janet
666,667,Love Is Noise,The Verve,0,Forth
667,668,I'll Be There,The Jackson 5,237,Love Songs
668,669,Passionfruit,Drake,0,More Life
669,670,Tattoo,Jordin Sparks,231,Jordin Sparks
670,671,Lovestain,José González,137,Remain EP
671,672,Love Is No Big Truth,Kings of Convenience,0,Riot on an Empty Street
672,673,Like You,Bow Wow,205,Wanted
673,674,The Writer,Ellie Goulding,258,Bright Lights
674,675,What's My Name?,Rihanna,0,Loud
675,676,Shine,Benjamin Francis Leftwich,178,Last Smoke Before The Snowstorm
676,677,No Ordinary Love,Sade,443,The Best Of Sade
677,678,Stand Inside Your Love,The Smashing Pumpkins,253,Machina/The Machines of God
678,679,Carry You Home,James Blunt,238,All the Lost Souls
679,680,Inside and Out,Feist,259,Let It Die
680,681,My Paper Heart,The All-American Rejects,228,Tournado
681,682,Silver and Cold,AFI,312,Sing the Sorrow
682,683,Woods,Bon Iver,285,Blood Bank
683,684,Blue Eyes,Cary Brothers,257,Who You Are
684,685,Silver Lining,Rilo Kiley,216,Under The Blacklight
685,686,How Do I Breathe,Mario,216,Go
686,687,I Knew You Were Trouble,Taylor Swift,227,Red Karaoke
687,688,Hey Now,London Grammar,207,If You Wait
688,689,Across the Sea,Weezer,272,Pinkerton
689,690,Butterfly,Jason Mraz,299,We Sing. We Dance. We Steal Things.
690,691,Vienna,The Fray,231,How to Save a Life
691,692,The Way You Look Tonight,Frank Sinatra,202,Sinatra Reprise: The Very Good Years
692,693,I'm Lost Without You,blink-182,0,blink-182
693,694,Closer,Joshua Radin,182,We Were Here
694,695,I'll Be Back,The Beatles,142,Love Songs
695,696,Our House,"Crosby, Stills, Nash & Young",0,
696,697,Blue and Yellow,The Used,201,The Used
697,698,Crazy Love,Van Morrison,156,Moondance
698,699,Nothing Lasts Forever,Maroon 5,187,It Won't Be Soon Before Long
699,700,Saturday,Fall Out Boy,217,Take This to Your Grave
700,701,All alright,Sigur Rós,381,Með suð í eyrum við spilum endalaust
701,702,Often,The Weeknd,249,Often
702,703,Sacrifice,Elton John,309,Love Songs
703,704,She's the One,Robbie Williams,261,Greatest Hits
704,705,Somewhere a Clock Is Ticking,Snow Patrol,272,Final Straw
705,706,"New Person, Same Old Mistakes",Tame Impala,0,Currents
706,707,Yes I'm Changing,Tame Impala,0,Currents
707,708,Alive with the Glory of Love,Say Anything,257,Is A Real Boy
708,709,The Show,Lenka,235,Lenka
709,710,Mountain At My Gates,Foals,0,What Went Down
710,711,Hounds of Love,Kate Bush,183,Hounds of Love
711,712,Please Forgive Me,David Gray,332,White Ladder
712,713,Soul Love,David Bowie,213,The Rise and Fall of Ziggy Stardust and the Spiders From Mars
713,714,I'm Happy Just to Dance with You,The Beatles,119,The Beatles (disc 1)
714,715,XO,Fall Out Boy,221,From Under the Cork Tree
715,716,Everyday,Buddy Holly,127,Greatest Hits
716,717,The Purple Bottle,Animal Collective,408,Feels
717,718,Cigarette Daydreams,Cage the Elephant,207,Melophobia
718,719,Songbird,Fleetwood Mac,200,Rumours
719,720,Body Electric,Lana Del Rey,233,Born to Die - The Paradise Edition
720,721,How's It Going To Be,Third Eye Blind,253,A Collection
721,722,Higher Love,James Vincent McMorrow,217,We don't eat
722,723,Renegades,X Ambassadors,0,VHS
723,724,Dead Sea,The Lumineers,248,The Lumineers
724,725,Your New Twin Sized Bed,Death Cab for Cutie,186,Narrow Stairs
725,726,I And Love And You,The Avett Brothers,298,I and Love and You
726,727,Stars,Simply Red,253,Stars
727,728,I'll Make Love to You,Boyz II Men,238,II
728,729,Where'd You Go,Fort Minor,0,Where'd You Go
729,730,Cupid De Locke,The Smashing Pumpkins,170,Mellon Collie and the Infinite Sadness
730,731,Amazed,Lonestar,240,Lonely Grill
731,732,Falling for You,Weezer,228,Pinkerton
732,733,You And I,Ingrid Michaelson,148,Be OK
733,734,Champagne From a Paper Cup,Death Cab for Cutie,158,Something About Airplanes
734,735,If You Leave Me Now,Chicago,234,The Chicago Story
735,736,Only Love Can Break Your Heart,Neil Young,187,After the Gold Rush
736,737,Everything You Want,Vertical Horizon,246,Everything You Want
737,738,Futile Devices,Sufjan Stevens,133,The Age of Adz
738,739,Looking Up,Paramore,209,Brand New Eyes
739,740,Suffocate,J. Holiday,220,Back Of My Lac'
740,741,Is This Love?,Clap Your Hands Say Yeah,196,Clap Your Hands Say Yeah
741,742,Fall for You,Secondhand Serenade,183,A Twist in My Story
742,743,Ex-Factor,Lauryn Hill,277,The Miseducation of Lauryn Hill
743,744,Try,Nelly Furtado,252,Folklore
744,745,If She Wants Me,Belle and Sebastian,200,Dear Catastrophe Waitress
745,746,Love,The Smashing Pumpkins,262,Mellon Collie and the Infinite Sadness
746,747,Kill,Jimmy Eat World,228,Futures
747,748,Violently Happy,Björk,0,Debut
748,749,Into My Arms,Nick Cave & The Bad Seeds,252,
749,750,Syrup & Honey,Duffy,199,
750,751,"You're the First, the Last, My Everything",Barry White,203,The Ultimate Collection
751,752,Dearest,Buddy Holly,113,Love Songs
752,753,Soulmate,Natasha Bedingfield,212,N.B.
753,754,Stolen,Dashboard Confessional,233,Dusk And Summer
754,755,Not Like the Movies,Katy Perry,241,Teenage Dream
755,756,Hungry Eyes,Eric Carmen,251,Dirty Dancing
756,757,This Love (Will Be Your Downfall),Ellie Goulding,239,Bright Lights
757,758,Gone for Good,The Shins,193,Chutes Too Narrow
758,759,Together,The Raconteurs,271,Broken Boy Soldiers
759,760,Dream Catch Me,Newton Faulkner,236,Hand Built By Robots
760,761,Bang the Doldrums,Fall Out Boy,211,Infinity on High
761,762,I Have Nothing,Whitney Houston,293,The Bodyguard
762,763,Soldier On,The Temper Trap,358,Conditions
763,764,Love Burns,Black Rebel Motorcycle Club,243,B.R.M.C.
764,765,SING,My Chemical Romance,271,Danger Days: The True Lives of the Fabulous Killjoys
765,766,Before the Worst,The Script,203,The Script
766,767,Biological,Air,364,Talkie Walkie
767,768,Foolish Games,Jewel,267,Pieces of You
768,769,(There Is) No Greater Love,Amy Winehouse,129,Frank
769,770,Sail Away,David Gray,313,White Ladder
770,771,My Love Is Your Love,Whitney Houston,354,My Love Is Your Love
771,772,Mean,Taylor Swift,236,Speak Now
772,773,Lay Me Down,Sam Smith,253,Lay Me Down
773,774,Fallin' for You,Colbie Caillat,216,Breakthrough
774,775,2 Atoms In A Molecule,Noah and the Whale,124,"Peaceful, The World Lays Me Down"
775,776,Twenty Years,Placebo,259,Once More With Feeling - Singles 1996-2004
776,777,I Hope That I Don't Fall in Love With You,Tom Waits,237,Closing Time
777,778,All of This,blink-182,0,blink-182
778,779,Cupid,Jack Johnson,65,On and On
779,780,"Earned It (Fifty Shades Of Grey) - From The ""Fifty Shades Of Grey"" Soundtrack",The Weeknd,0,"Earned It (Fifty Shades Of Grey) [From The ""Fifty Shades Of Grey"" Soundtrack]"
780,781,Love Is All,The Tallest Man on Earth,255,The Wild Hunt
781,782,The Saltwater Room,Owl City,242,Ocean Eyes
782,783,Let There Be Love,Oasis,326,Don't Believe the Truth
783,784,Chinese,Lily Allen,208,"It’s Not Me, It’s You"
784,785,Modern Romance,Yeah Yeah Yeahs,0,Live In Mexico City
785,786,Killing For Love,José González,550,
786,787,Hear Me Out,Frou Frou,254,Details
787,788,Lived in Bars,Cat Power,222,The Greatest
788,789,I'm the Man Who Loves You,Wilco,266,Yankee Hotel Foxtrot
789,790,She Is Love,Parachute,185,Losing Sleep
790,791,A Beautiful Mess,Jason Mraz,339,We Sing. We Dance. We Steal Things.
791,792,Walk Away,Ben Harper,230,Welcome To The Cruel World
792,793,The Mixed Tape,Jack's Mannequin,207,Everything in Transit
793,794,Northern Downpour,Panic! at the Disco,0,Pretty. Odd.
794,795,P.S. I Love You,The Beatles,127,Please Please Me
795,796,Come to Me,Björk,0,Debut
796,797,Rootless Tree,Damien Rice,0,9
797,798,Back to December,Taylor Swift,291,Speak Now
798,799,Do You Want to Know a Secret,The Beatles,125,Please Please Me
799,800,Pitseleh,Elliott Smith,202,A Proper Introduction
800,801,Despair In The Departure Lounge,Arctic Monkeys,202,Who the Fuck Are Arctic Monkeys?
801,802,Against All Odds,Phil Collins,206,Love Songs: A Compilation... Old and New
802,803,Luna,The Smashing Pumpkins,201,Siamese Dream
803,804,Love Song,311,208,Greatest Hits '93-'03
804,805,You Are So Beautiful,Joe Cocker,159,Greatest Hits
805,806,Stand by Me,John Lennon,206,Lennon Legend: The Very Best of John Lennon
806,807,Thunder,Boys Like Girls,238,Boys Like Girls
807,808,Beautiful Soul,Jesse McCartney,237,Beautiful Soul
808,809,Monsters,Band of Horses,321,Everything All the Time
809,810,Twilight,Elliott Smith,271,From a Basement on the Hill
810,811,Hailie's Song,Eminem,320,The Eminem Show
811,812,The Lady in Red,Chris de Burgh,255,The Love Songs
812,813,Must Be Dreaming,Frou Frou,242,Details
813,814,One Thing,One Direction,193,Up All Night
814,815,2 Become 1,Spice Girls,244,Spice
815,816,"Lloyd, I'm Ready To Be Heartbroken",Camera Obscura,226,"Lloyd, I'm Ready To Be Heartbroken"
816,817,Till There Was You,The Beatles,135,With The Beatles
817,818,Seaweed Song,Passion Pit,264,Manners
818,819,Please Forgive Me,Bryan Adams,243,So Far So Good
819,820,You Won't Know,Brand New,0,The Devil and God Are Raging Inside Me
820,821,Half of My Heart,John Mayer,0,Battle Studies
821,822,Mistletoe,Justin Bieber,182,Under the Mistletoe
822,823,Wire to Wire,Razorlight,167,Slipway Fires
823,824,A Sorta Fairytale,Tori Amos,383,Scarlet's Walk
824,825,Every Night,Imagine Dragons,217,Night Visions
825,826,Re-Offender,Travis,226,12 Memories
826,827,You Got It,Roy Orbison,209,Mystery Girl
827,828,Love Drunk,Boys Like Girls,221,Love Drunk
828,829,Secret Smile,Semisonic,275,Feeling Strangely Fine
829,830,End of the Road,Boyz II Men,351,Legacy: The Greatest Hits Collection
830,831,Turn,Travis,261,The Man Who
831,832,Teardrops on My Guitar,Taylor Swift,0,Taylor Swift
832,833,Everything Reminds Me Of Her,Elliott Smith,163,Figure 8
833,834,I'll Be Yours,Placebo,206,Soulmates Never Die: Live in Paris 2003
834,835,Undiscovered,James Morrison,0,Undiscovered
835,836,"If You Don't, Don't",Jimmy Eat World,275,Bleed American
836,837,Song for Zula,Phosphorescent,369,Muchacho
837,838,Radio Cure,Wilco,0,Yankee Hotel Foxtrot
838,839,I Don't Believe You,P!nk,256,Funhouse
839,840,A Letter To Elise,The Cure,0,Wish
840,841,Atlantic,Keane,249,Under the Iron Sea
841,842,Come Home,OneRepublic,258,Dreaming Out Loud
842,843,Keep Breathing,Ingrid Michaelson,208,Be OK
843,844,My Cherie Amour,Stevie Wonder,173,The Definitive Collection
844,845,Upward Over the Mountain,Iron & Wine,0,
845,846,Gold Soundz,Pavement,159,"Crooked Rain, Crooked Rain"
846,847,Five Minutes To Midnight,Boys Like Girls,227,Boys Like Girls
847,848,Lovesong of the Buzzard,Iron & Wine,0,
848,849,Apartment,Young the Giant,235,Young the Giant
849,850,Not the Sun,Brand New,189,The Devil and God Are Raging Inside Me
850,851,Call Out My Name,The Weeknd,0,"My Dear Melancholy,"
851,852,Baby It's You,The Beatles,157,The Early Beatles
852,853,Letters to You,Finch,200,What It Is to Burn
853,854,Back to You,John Mayer,361,Room for Squares
854,855,The Pieces Don't Fit Anymore,James Morrison,0,Undiscovered
855,856,Heels Over Head,Boys Like Girls,188,Boys Like Girls
856,857,Please Don't Stop the Rain,James Morrison,234,"Songs for You, Truths for Me"
857,858,Alone Again Or,Love,240,Forever Changes
858,859,Let It Be Me,Ray LaMontagne,266,Gossip In The Grain
859,860,Just Say Yes,Snow Patrol,281,Up to Now
860,861,I Go to the Barn Because I Like The,Band of Horses,186,Everything All the Time
861,862,The Fragile,Nine Inch Nails,312,The Fragile
862,863,First Love,The Maccabees,184,Colour It In
863,864,Criminal,Britney Spears,225,Femme Fatale
864,865,Like Someone in Love,Björk,241,Debut
865,866,Your Love Is King,Sade,221,The Best Of Sade
866,867,If It Kills Me,Jason Mraz,273,We Sing. We Dance. We Steal Things.
867,868,Toxic Girl,Kings of Convenience,194,Quiet Is the New Loud
868,869,The (After) Life of the Party,Fall Out Boy,201,Infinity on High
869,870,Romeo and Juliet,The Killers,327,Sawdust
870,871,Empty Apartment,Yellowcard,0,Beyond Ocean Avenue: Live at the Electric Factory
871,872,The Way You Like It,Adema,235,Adema
872,873,Little Things,One Direction,219,Take Me Home
873,874,I'm Your Man,Leonard Cohen,266,I'm Your Man
874,875,Cupid,Sam Cooke,152,The Man and His Music
875,876,Dry Your Eyes,The Streets,265,A Grand Don't Come for Free
876,877,Say,John Mayer,230,Say
877,878,Red,Taylor Swift,223,Red
878,879,Bowl of Oranges,Bright Eyes,0,"Lifted or The Story Is in the Soil, Keep Your Ear to the Ground"
879,880,Oblivion,Bastille,196,All This Bad Blood
880,881,The Power of Love,Frankie Goes to Hollywood,332,Bang !
881,882,Forever,Ben Harper,204,Welcome To The Cruel World
882,883,I Just Don't Think I'll Ever Get Over You,Colin Hay,328,Transcendental Highway
883,884,See You Soon,Coldplay,210,The Blue Room
884,885,Tautou,Brand New,102,Deja Entendu
885,886,Adore You,Miley Cyrus,245,Bangerz
886,887,America's Suitehearts,Fall Out Boy,215,Believers Never Die - Greatest Hits
887,888,Fresh Feeling,Eels,212,Souljacker
888,889,Too Much Love Will Kill You,Queen,260,"The Platinum Collection (Greatest Hits I, II & III)"
889,890,One More Night,Phil Collins,285,No Jacket Required
890,891,The Start of Something,Voxtrot,271,Raised by Wolves
891,892,Killing Me Softly With His Song,Roberta Flack,286,Killing Me Softly
892,893,Anna (Go to Him),The Beatles,177,Please Please Me
893,894,I Guess That's Why They Call It the Blues,Elton John,285,Too Low For Zero
894,895,The Shrine / An Argument,Fleet Foxes,487,Helplessness Blues
895,896,Energy,Drake,0,If You're Reading This It's Too Late
896,897,So Nice So Smart,Kimya Dawson,165,Knock-Knock Who?
897,898,It Won't Be Long,The Beatles,132,With The Beatles
898,899,Time in a Bottle,Jim Croce,146,Greatest Hits
899,900,Baby I'm Yours,Arctic Monkeys,161,Leave Before the Lights Come On
900,901,The Lady in My Life,Michael Jackson,297,Thriller
901,902,Cocoon,Björk,289,Vespertine
902,903,Early Winter,Gwen Stefani,283,Early Winter
903,904,Show Me the Meaning of Being Lonely,Backstreet Boys,237,Millennium
904,905,Big Girls Cry,Sia,210,1000 Forms of Fear
905,906,Falling,Florence + the Machine,213,Lungs
906,907,Back at One,Brian McKnight,198,Back At One
907,908,Boat Behind,Kings of Convenience,219,Declaration of Dependence
908,909,Stay,Lisa Loeb,183,The Very Best Of
909,910,A Taste of Honey,The Beatles,0,Please Please Me
910,911,Atlas Hands,Benjamin Francis Leftwich,173,A Million Miles Out
911,912,"Lights Out, Words Gone",Bombay Bicycle Club,301,A Different Kind of Fix
912,913,In the Name of Love,Martin Garrix,0,In The Name Of Love
913,914,Ageless Beauty,Stars,218,Set Yourself on Fire
914,915,Bel Air,Lana Del Rey,237,Born to Die - The Paradise Edition
915,916,Love Is All Around,Wet Wet Wet,233,Picture This
916,917,Love's Not a Competition (But I'm Winning),Kaiser Chiefs,194,Souvenir: The Singles 2004-2012
917,918,Guernica,Brand New,203,Deja Entendu
918,919,re:Stacks,Bon Iver,0,
919,920,Always Love,Nada Surf,0,The Weight Is a Gift
920,921,Thinking About You,Norah Jones,201,Not Too Late
921,922,Hungover,Ke$ha,232,Animal
922,923,Live While We're Young,One Direction,200,Take Me Home
923,924,Doesn't Mean Anything,Alicia Keys,234,The Element of Freedom
924,925,My Sundown,Jimmy Eat World,188,Bleed American
925,926,Breathe,Faith Hill,249,Breathe
926,927,Your Love Is a Lie,Simple Plan,218,Simple Plan
927,928,Wings,Birdy,0,Wings
928,929,23,Jimmy Eat World,401,Futures
929,930,The Longest Time,Billy Joel,217,An Innocent Man
930,931,We Both Go Down Together,The Decemberists,247,Picaresque
931,932,Broken,Lifehouse,286,Who We Are
932,933,I Know I Know I Know,Tegan and Sara,181,So Jealous
933,934,Alibi,30 Seconds to Mars,229,This Is War
934,935,Like I Can,Sam Smith,167,In the Lonely Hour
935,936,Cocoon,Jack Johnson,250,On and On
936,937,Kiss You,One Direction,182,Take Me Home
937,938,Follow Through,Gavin DeGraw,240,Finest Hour: The Best Of Gavin DeGraw
938,939,Wish You Were Here,Avril Lavigne,0,Goodbye Lullaby
939,940,I'll Stand By You,The Pretenders,238,Last Of The Independents
940,941,Shadowboxer,Fiona Apple,274,Tidal
941,942,Why,Annie Lennox,303,Diva
942,943,Anna Begins,Counting Crows,0,August And Everything After
943,944,Same Old Love,Selena Gomez,0,Revival
944,945,Centrefolds,Placebo,303,Sleeping with Ghosts
945,946,Sweetest Kill,Broken Social Scene,310,Forgiveness Rock Record
946,947,The Heart Wants What It Wants,Selena Gomez,228,For You
947,948,You Really Got a Hold on Me,The Beatles,180,With The Beatles
948,949,Play Crack the Sky,Brand New,327,Deja Entendu
949,950,Only You,Joshua Radin,148,We Were Here
950,951,If You're Gone,Matchbox Twenty,276,Mad Season
951,952,The Luckiest,Ben Folds,279,Ben Folds Live
952,953,Lion's Mane,Iron & Wine,168,
953,954,Jaws Theme Swimming,Brand New,274,Deja Entendu
954,955,Purple Rain,Prince & The Revolution,520,
955,956,I Don't Know What I Can Save You From,Kings of Convenience,276,Kings of Convenience
956,957,Lucky You,The National,262,Sad Songs for Dirty Lovers
957,958,Think I'm In Love,Beck,199,The Information
958,959,If Not for You,Bob Dylan,174,New Morning
959,960,It's Good To Be In Love,Frou Frou,279,Details
960,961,King of Anything,Sara Bareilles,207,Kaleidoscope Heart
961,962,Parachute,Cheryl Cole,213,3 Words
962,963,Tout Doucement,Feist,0,Open Season: Remixes And Collabs
963,964,Emotion,Destiny's Child,236,The Concert for New York City
964,965,Be Be Your Love,Rachael Yamagata,384,Happenstance
965,966,Sometime Around Midnight,The Airborne Toxic Event,324,The Airborne Toxic Event
966,967,You're Not Alone,Saosin,0,Saosin
967,968,Born to Make You Happy,Britney Spears,215,Greatest Hits: My Prerogative
968,969,You Were Meant For Me,Jewel,253,Pieces of You
969,970,At My Most Beautiful,R.E.M.,215,In Time: The Best of R.E.M. 1988-2003
970,971,Ain't Nobody (Loves Me Better),Felix Jaehn,0,I
971,972,By Your Side,CocoRosie,234,La maison de mon rêve
972,973,Coffee,Sylvan Esso,269,Coffee
973,974,Sorry Seems to Be the Hardest Word,Elton John,0,Love Songs
974,975,Wildest Moments,Jessie Ware,222,Devotion
975,976,"Vermilion, Pt. 2",Slipknot,224,
976,977,Good Directions,Billy Currington,219,Doin' Somethin' Right
977,978,Rewind,Paolo Nutini,259,These Streets
978,979,Incomplete,Backstreet Boys,234,Never Gone
979,980,Hey Stephen,Taylor Swift,256,Fearless
980,981,Too Lost in You,Sugababes,239,Three
981,982,Southern Girl,Incubus,220,A Crow Left of the Murder...
982,983,I Knew I Loved You,Savage Garden,250,Affirmation
983,984,Overgrown,James Blake,300,Overgrown
984,985,Land Locked Blues,Bright Eyes,347,"I’m Wide Awake, It’s Morning"
985,986,Love,John Lennon,204,Lennon Legend: The Very Best of John Lennon
986,987,"You're Crashing, But You're No Wave",Fall Out Boy,0,Infinity on High
987,988,Thirteen,Big Star,154,#1 Record
988,989,Home Again,Michael Kiwanuka,210,Home Again
989,990,Hold Me Tight,The Beatles,153,With The Beatles
990,991,Pachuca Sunrise,Minus the Bear,218,Menos El Oso
991,992,Seventy Times 7,Brand New,212,Your Favorite Weapon
992,993,Everybody's Gotta Learn Sometimes,Beck,354,Cinematic Treatment
993,994,Here in My Room,Incubus,267,A Crow Left of the Murder...
994,995,Goodbye Kiss,Kasabian,247,Velociraptor!
995,996,Great Romances of the 20th Century,Taking Back Sunday,215,Tell All Your Friends
996,997,Surprise Ice,Kings of Convenience,293,Riot on an Empty Street
997,998,The Story,Brandi Carlile,306,The Story
998,999,One,Ed Sheeran,253,x
999,1000,Wake Me Up,Ed Sheeran,229,+
