344,"['routine' 'bites' 'hard' 'ambitions' 'low' 'resentment' 'rides' 'high'
 'emotions' 'grow' ""we're"" 'changing' 'ways' 'taking' 'different' 'roads'
 'love' 'tear' 'us' 'apart' 'bedroom' 'cold' 'turned' 'away' 'side'
 'timing' 'flawed' 'respect' 'runs' 'dry' 'yet' ""there's"" 'still' 'appeal'
 ""we've"" 'kept' 'lives' 'guitar' 'solo' 'cry' 'sleep' 'failings' 'exposed'
 'taste' 'mouth' 'desperation' 'takes' 'hold' 'something' 'good' ""can't""
 'function']"
349,"['show' 'trick' 'one' 'makes' 'scream' 'said' 'laugh' 'threw' 'arms'
 'around' 'neck' 'promise' 'run' 'away' 'spinning' 'dizzy' 'edge' 'kissed'
 'face' 'head' 'dreamed' 'different' 'ways' 'make' 'glow' 'far' 'ever'
 'know' 'love' 'refrain' 'soft' 'lost' 'lonely' 'strange' 'angels'
 'dancing' 'deepest' 'oceans' 'twisting' 'water' 'like' 'dream' 'daylight'
 'licked' 'shape' 'must' 'asleep' 'days' 'moving' 'lips' 'breathe' 'name'
 'opened' 'eyes' 'found' 'alone' 'raging' 'sea' 'stole' 'girl' 'loved'
 'drowned' 'deep' 'inside' 'heaven']"
350,"['see' 'stone' 'set' 'eyes' 'thorn' 'twist' 'side' 'wait' 'sleight' 'hand'
 'fate' 'bed' 'nails' 'makes' 'without' 'storm' 'reach' 'shore' 'give'
 'want' 'waiting' 'ahah' ""can't"" 'live' 'away' 'hands' 'tied' 'body'
 'bruised' 'got' 'nothing' 'win' 'left' 'lose' 'ohh' 'outrochorus']"
357,"['whenever' 'alone' 'make' 'feel' 'like' 'home' 'whole' 'young' 'fun'
 'however' 'far' 'away' 'always' 'love' 'long' 'stay' 'whatever' 'words'
 'say' 'fly' 'moon' 'free' 'clean']"
359,"['take' 'tonight' ""there's"" 'music' 'people' ""they're"" 'young' 'alive'
 'driving' 'car' 'never' 'want' 'go' 'home' 'got' 'one' 'anymore' 'see'
 'life' 'oh' 'please' 'drop' 'welcome' 'doubledecker' 'bus' 'crashes' 'us'
 'die' 'side' 'heavenly' 'way' 'tentonne' 'truck' 'kills' 'well'
 'pleasure' 'privilege' 'mine' 'anywhere' 'care' 'darkened' 'underpass'
 'thought' 'god' 'chance' 'come' 'last' 'strange' 'fear' 'gripped' 'ask'
 'ladidum' 'light' 'goes']"
372,"['instrumental' 'looking' 'long' 'pictures' 'almost' 'believe' ""they're""
 'real' 'living' 'feel' 'remembering' 'standing' 'quiet' 'rain' 'ran'
 'heart' 'near' 'kissed' 'sky' 'fell' 'holding' 'close' 'always' 'held'
 'fear' 'running' 'soft' 'night' 'bigger' 'brighter' 'wider' 'snow'
 'screamed' 'makebelieve' 'finally' 'found' 'courage' 'let' 'go' 'fallen'
 'arms' 'crying' 'death' 'stone' 'white' 'delicate' 'lost' 'cold' 'dark'
 'used' 'slow' 'drowned' 'angels' 'much' 'everything' 'hold' 'last' 'time'
 'slip' 'away' 'quietly' 'open' 'eyes' 'never' 'see' 'anything' ""i'd""
 'thought' 'right' 'words' 'could' 'breaking' 'apart' 'true' 'nothing'
 'world' 'ever' 'wanted' 'deep']"
392,"['time' 'never' 'mend' 'careless' 'whispers' 'good' 'friend' 'heart'
 'mind' 'ignorance' 'kind' ""there's"" 'comfort' 'truth' 'pain' 'find'
 'known' 'better' 'yeah' 'instrumental' 'feel' 'unsure' 'take' 'hand'
 'lead' 'dance' 'floor' 'music' 'dies' 'something' 'eyes' 'calls' 'silver'
 'screen' 'sad' 'goodbyes' 'gonna' 'guilty' 'feet' 'got' 'rhythm' 'though'
 'easy' 'pretend' 'know' 'fool' 'cheat' 'waste' 'chance' ""i'd"" 'given'
 'way' 'danced' 'postchorus' 'without' 'love' 'tonight' 'seems' 'loud'
 'wish' 'could' 'lose' 'crowd' 'maybe' ""we'd"" 'hurt' 'things' 'want' 'say'
 'together' 'lived' 'forever' ""who's"" 'please' 'stay' 'gone' 'wrong'
 'leave' 'alone']"
394,"['lovestruck' 'romeo' 'sings' 'streets' 'serenade' 'laying' 'everybody'
 'low' 'love' 'song' 'made' 'finds' 'streetlight' 'steps' 'shade' 'says'
 'something' 'like' 'babe' 'juliet' 'hey' 'nearly' 'gimme' 'heart'
 'attack' ""he's"" 'underneath' 'window' 'singing' 'la' ""boyfriend's"" 'back'
 'come' 'around' 'people' 'anyway' 'ya' 'gonna' 'dice' 'loaded' 'start'
 'bet' 'exploded' 'forget' 'movie' 'realize' 'time' 'wrong' 'different'
 'shame' 'dirty' 'mean' 'yes' 'dream' 'dreamed' 'real' 'look' 'another'
 'one' 'deals' 'well' 'fall' 'chains' 'silver' 'gold' 'pretty' 'strangers'
 'promises' 'hold' 'promised' 'everything' 'thick' 'thin' 'yeah' 'say'
 'oh' 'know' 'used' 'scene' 'cry' 'said' 'stars' 'till' 'die' ""there's""
 'place' 'us' ""can't"" 'talk' 'tv' 'way' 'meant' ""i'd"" 'anything' 'except'
 'miss' 'keep' 'beat' 'bad' 'company' 'kiss' 'bars' 'rhyme' 'convenient']"
427,"['never' 'meant' 'cause' 'sorrow' 'pain' 'wanted' 'one' 'time' 'see'
 'laughing' 'purple' 'rain' 'want' 'bathing' 'weekend' 'lover' 'kind'
 'friend' 'hey' 'baby' 'could' 'steal' 'another' 'shame' 'friendship'
 'end' 'underneath' 'honey' 'know' 'times' 'changing' 'reach' 'something'
 'new' 'means' 'say' 'leader' ""can't"" 'seem' 'make' 'mind' 'think'
 'better' 'close' 'let' 'guide' 'wooo' 'singing' 'come' 'raise' 'hand'
 'instrumental' '346840' 'guitar' 'solo']"
431,"['gotta' 'take' 'little' 'time' 'think' 'things' 'better' 'read' 'lines'
 'case' 'need' 'older' 'mountain' 'must' 'climb' 'feels' 'like' 'world'
 'upon' 'shoulders' 'clouds' 'see' 'love' 'shine' 'keeps' 'warm' 'life'
 'grows' 'colder' ""there's"" 'heartache' 'pain' 'know' 'face' ""can't""
 'stop' 'traveled' 'far' 'change' 'lonely' 'wanna' 'want' 'show' 'feel'
 'gonna' 'look' 'around' 'got' 'nowhere' 'left' 'hide' 'looks' 'finally'
 'found' ""let's"" 'talk' 'inside' ""feelin'"" 'much' 'cannot' 'yeah']"
440,"['oh' ""thinkin'"" 'younger' 'years' 'young' 'wild' 'free' ""nothin'"" 'take'
 'away' ""we've"" 'road' ""that's"" 'keep' ""comin'"" 'back' 'baby' 'want'
 ""lyin'"" 'arms' ""findin'"" 'hard' 'believe' ""we're"" 'heaven' 'love' 'need'
 'found' 'heart' 'see' 'life' 'find' 'someone' 'turn' 'world' 'around'
 'bring' ""feelin'"" 'yeah' 'could' 'change' 'mean' ""there's"" 'lots' 'say'
 'hold' 'cause' 'light' 'way' 'finding' ""waitin'"" 'long' ""somethin'""
 'arrive' 'come' 'along' 'dreams' 'true' 'good' 'times' 'bad' ""standin'""
 'woah']"
460,"['ask' 'know' 'true' 'tell' 'love' 'precious' 'heart' 'standing' 'two'
 'worlds' 'collided' 'could' 'never' 'tear' 'us' 'apart' 'live' 'thousand'
 'years' 'hurt' ""i'd"" 'make' 'wine' 'tears' 'told' 'fly' 'cause' 'wings'
 'ii' 'ever']"
479,"['half' 'sky' 'woman' 'hardly' 'express' 'mixed' 'emotions'
 'thoughtlessness' 'forever' 'debt' 'try' 'inner' 'feelings'
 'thankfulness' 'showing' 'meaning' 'success' 'ooh' 'well' 'doo' 'know'
 'understand' 'little' 'child' 'inside' 'man' 'please' 'remember' 'life'
 'hands' 'hold' 'close' 'heart' 'however' 'distant' 'keep' 'us' 'apart'
 'written' 'stars' 'let' 'explain' 'never' 'meant' 'cause' 'sorrow' 'pain'
 'tell' 'love' 'yeah']"
480,"['alone' 'inside' 'mind' 'dreams' 'kissed' 'lips' 'thousand' 'times'
 'sometimes' 'see' 'pass' 'outside' 'door' 'hello' 'looking' 'eyes'
 'smile' 'ever' 'wanted' 'arms' 'open' 'wide' ""'cause"" 'know' 'say' 'want'
 'tell' 'much' 'love' 'long' 'sunlight' 'hair' 'time' 'care' 'feel'
 'heart' 'overflow' 'got' 'let' 'wonder' 'somewhere' 'feeling' 'lonely'
 'someone' 'loving' 'win' 'clue' 'start' 'saying']"
484,"['known' 'better' 'let' 'go' 'alone' 'times' 'like' ""can't"" 'make'
 'wasted' 'days' 'sleepless' 'nights' 'wait' 'see' 'find' 'spend' 'time'
 'waiting' 'call' 'tell' 'babe' ""back's"" 'wall' 'need' 'side' 'alright'
 ""'cause"" 'think' 'take' 'anymore' 'love' 'feeling' 'searching' 'dreaming'
 'must' 'cause' 'really' 'got' 'hold' 'stop' 'way' 'found' 'key' 'open'
 'door' 'feel' 'growing' 'stronger' 'day' 'arms' 'guitar' 'solo']"
491,"['instrumental' 'one' 'goes' 'love' 'left' 'behind' 'simple' 'prop'
 'occupy' 'time' 'fire' ""comin'"" 'solo' 'another' 'occupied']"
496,"['close' 'eyes' 'give' 'hand' 'darling' 'feel' 'heart' 'beating'
 'understand' 'dreaming' 'burning' 'eternal' 'flame' 'believe' 'meant'
 'watch' 'sleeping' 'belong' 'say' 'name' 'sun' 'shines' 'rain' 'whole'
 'life' 'lonely' 'come' 'ease' 'pain' 'want' 'lose' 'feeling' 'oh' 'ah']"
500,"['david' 'lovering' 'shake' 'butt' 'black' 'francis' 'hard' 'yeah' 'love'
 'saying' 'pretty' 'baby' 'la' 'mean' 'maybe' 'first' 'base' 'second'
 'third' 'home' 'run']"
506,"['sticking' ""'cause"" 'made' 'glue' 'anything' 'might' 'gonna' 'held'
 'stagecoach' 'rain' 'saw' 'hanging' 'tree' 'believe' 'people' 'go'
 'stratosphere' 'soldiers' 'fighting' 'cong' 'side' 'swing' 'hang' 'past'
 'right' 'wrong' 'want' 'oh']"
515,"['sad' 'eyes' 'discouraged' 'oh' 'realize' 'hard' 'take' 'courage' 'world'
 'full' 'people' 'lose' 'sight' 'darkness' 'inside' 'make' 'feel' 'small'
 'see' 'true' 'colors' 'shining' ""that's"" 'love' 'afraid' 'let' 'show'
 'beautiful' 'like' 'rainbow' 'smile' 'unhappy' ""can't"" 'remember' 'last'
 'saw' 'laughing' 'makes' 'crazy' 'taken' 'bear' 'call' 'know' 'laugh']"
520,"['oh' ""can't"" 'fight' 'feeling' 'longer' 'yet' 'still' 'afraid' 'let'
 'flow' 'started' 'friendship' 'grown' 'stronger' 'wish' 'strength' 'show'
 'tell' 'hold' 'forever' 'said' 'reason' 'fear' ""'cause"" 'feel' 'secure'
 ""we're"" 'together' 'give' 'life' 'direction' 'make' 'everything' 'clear'
 'even' 'wander' 'keeping' 'sight' 'candle' 'window' 'cold' 'dark'
 ""winter's"" 'night' 'getting' 'closer' 'ever' 'thought' 'might' 'anymore'
 'forgotten' 'fighting' 'time' 'bring' 'ship' 'shore' 'throw' 'away'
 'oars' 'cause' 'crawl' 'upon' 'floor' 'come' 'crashing' 'door' 'baby'
 'whirlwind' 'since' 'saw' 'running' 'round' 'circles' 'mind' 'always'
 'seems' 'following' 'girl' 'take' 'places' 'alone' ""i'd"" 'never' 'find']"
522,"['good' 'times' 'change' 'see' 'luck' 'make' 'man' 'turn' 'bad' 'please'
 'let' 'get' 'want' 'time' 'dream' 'long' 'life' 'lord' 'knows' 'would'
 'first']"
530,"['alone' 'yeah' 'know' 'face' 'night' 'tears' ""cryin'"" 'want' 'love'
 ""let's"" 'break' 'walls' 'us' 'make' 'tough' 'put' 'away' 'pride'
 ""enough's"" 'enough' 'suffered' 'seen' 'light' 'baby' 'angel' 'come'
 'save' 'tonight' 'right' 'going' 'feeling' 'inside' 'yes' 'true'
 'loneliness' 'took' 'ride' 'without' 'nothing' 'begger' 'dog' 'bone'
 'sleeping' 'bed' 'reason' 'live' 'die' 'give' 'cry' 'need' 'x5']"
531,"['new' ""year's"" 'day' 'celebrate' 'chocolate' 'covered' 'candy' 'hearts'
 'give' 'away' 'first' 'spring' 'song' 'sing' 'fact' ""here's"" 'another'
 'ordinary' 'april' 'rain' 'flowers' 'bloom' 'wedding' 'saturday' 'within'
 'month' 'june' 'something' 'true' 'made' 'three' 'words' 'must' 'say'
 'called' 'love' 'much' 'care' 'mean' 'bottom' 'heart' ""summer's"" 'high'
 'warm' 'july' 'harvest' 'moon' 'light' 'one' 'tender' 'august' 'night'
 'autumn' 'breeze' 'falling' 'leaves' 'even' 'time' 'birds' 'fly'
 'southern' 'skies' 'libra' 'sun' 'halloween' 'giving' 'thanks'
 'christmas' 'joy' 'bring' 'though' 'old' 'fill' 'like' 'could' 'ever']"
532,"['highway' 'run' 'midnight' 'sun' 'wheels' 'go' 'round' 'mind' 'restless'
 'hearts' 'sleep' 'alone' 'tonight' 'sending' 'love' 'along' 'wire' 'say'
 'road' ""ain't"" 'place' 'start' 'family' 'right' 'line' ""lovin'"" 'music'
 'man' 'always' 'supposed' 'oh' 'girl' 'stand' 'forever' 'faithfully'
 'trumpet' 'guitar' 'solo' 'circus' 'life' 'big' 'top' 'world' 'need'
 'clowns' 'make' 'us' 'smile' 'space' 'time' 'another' 'show' 'wondering'
 'lost' 'without' 'apart' 'easy' 'affair' 'two' 'strangers' 'learn' 'fall'
 'get' 'joy' 'rediscovering' 'whoa' 'ohohooh' 'ohohoh' 'ohwhoooooaoh'
 'still' 'ever']"
535,"['watching' 'every' 'motion' 'foolish' ""lover's"" 'game' 'endless' 'ocean'
 'finally' 'lovers' 'know' 'shame' 'turning' 'returning' 'secret' 'place'
 'inside' 'slow' 'turn' 'around' 'say' 'take' 'breath' 'away' 'keep'
 'waiting' 'still' 'anticipating' 'love' 'never' 'hesitating' 'become'
 'fated' 'ones' 'find' 'hourglass' 'saw' 'time' 'slipped' 'mirror'
 'crashed' 'called' 'turned' 'hear' 'today' 'unafraid' 'haunted' 'notion'
 'somewhere' ""there's"" 'flames' 'way']"
548,"['must' 'understand' 'though' 'touch' 'hand' 'makes' 'pulse' 'react'
 'thrill' 'boy' 'meeting' 'girl' 'opposites' 'attract' 'physical'
 'logical' 'try' 'ignore' 'means' ""what's"" 'love' 'got' 'secondhand'
 'emotion' 'needs' 'heart' 'broken' 'may' 'seem' 'acting' 'confused'
 'close' 'tend' 'look' 'dazed' 'read' 'someplace' 'cause' ""there's"" 'name'
 'phrase' 'fits' 'whatever' 'reason' 'taking' 'new' 'direction' 'say'
 'thinking' 'protection' 'scares' 'feel' 'way' 'sweet' 'oldfashioned'
 'notion']"
557,"['want' 'lay' 'next' 'look' 'beautiful' 'tonight' 'eyes' 'lovely' 'mouth'
 'sweet' 'lot' 'people' 'misunderstand' ""that's"" 'know' 'touch' 'hold'
 'need' 'god' 'love' 'much' 'michael' 'siedah' 'time' 'wind' 'blows'
 'hear' 'voice' 'call' 'name' 'whispers' 'morning' 'dawning' ""heaven's""
 'glad' 'came' 'feel' 'thing' ""can't"" 'go' 'wrong' 'proud' 'say' ""love's""
 'got' 'high' 'long' 'get' 'forever' 'answer' 'choice' 'bring' 'heart'
 'harps' 'angels' 'sing' 'live' 'life' 'without' 'belong' ""ain't"" 'worth'
 'living' 'stop' 'loving' 'tell' 'cause' 'night' 'stars' 'shine' 'pray'
 'find' 'true' 'awakes' 'come' 'take' 'wait' 'saying' ""feeling's"" 'strong'
 'well' 'change' 'world' 'tomorrow' 'songs' 'yesterday' 'hey' 'farewell'
 'sorrow' 'see' 'always' 'baby' 'girl']"
564,"['oceans' 'apart' 'day' 'slowly' 'go' 'insane' 'hear' 'voice' 'line'
 'stop' 'pain' 'see' 'next' 'never' 'say' 'forever' 'wherever' 'whatever'
 'right' 'waiting' 'takes' 'heart' 'breaks' 'took' 'granted' 'times'
 'thought' 'would' 'last' 'somehow' 'laughter' 'taste' 'tears' ""can't""
 'get' 'near' 'oh' 'baby' 'got' 'going' 'crazy' 'wonder' 'survive'
 'romance' 'end' 'take' 'chance']"
571,"['say' 'want' 'diamonds' 'ring' 'gold' 'story' 'remain' 'untold'
 'promises' 'make' 'cradle' 'grave' 'give' 'highway' 'noone' 'treasure'
 'look' 'upon' 'riches' 'night' 'eyes' 'moon' 'blindness' 'river' 'time'
 'dryness' 'harbour' 'tempest' 'love' 'work' 'right' 'last' 'grow' 'cold'
 'final' 'break']"
579,"['last' 'night' 'dreamt' 'somebody' 'loved' 'hope' 'harm' 'another'
 'false' 'alarm' 'felt' 'real' 'arms' 'around' 'tell' 'long' 'one' 'right'
 'story' 'old' 'know' 'goes']"
581,"['dave' 'gahan' 'come' 'trees' ""we'll"" 'lay' 'grass' 'let' 'hours' 'pass'
 'take' 'hand' 'back' 'land' ""let's"" 'get' 'away' 'one' 'day' 'see'
 'stripped' 'bone' 'interlude' 'metropolis' 'nothing' 'breathing' 'fumes'
 'taste' 'kiss' ""everything's"" 'postchorus' 'hear' 'make' 'decisions'
 'without' 'television' 'speaking' 'l' 'gore' 'crying']"
585,"['home' 'want' 'pick' 'turn' ""'round"" 'feel' 'numb' 'born' 'weak' 'heart'
 'guess' 'must' 'fun' 'less' 'say' 'better' ""we'll"" 'make' 'go' 'along'
 'feet' 'ground' 'head' 'sky' 'okay' 'know' ""nothing's"" 'wrong' 'nothing'
 'hiyeah' 'got' 'plenty' 'time' 'light' 'eyes' 'standing' 'beside' 'love'
 'passing' 'never' 'money' 'always' 'cover' 'goodnight' 'already' 'come'
 'lifted' 'wings' 'place' ""can't"" 'tell' 'one' 'find' 'someone' 'asks'
 'drift' 'sing' 'mouth' 'kinds' 'people' 'face' 'view' 'animal' 'looking'
 'share' 'space' 'minute' 'two' ""'til"" 'stops' 'dead' 'look' 'blank'
 'spots' 'hit' 'ahooh']"
593,"['lying' 'alone' 'head' 'phone' 'thinking' 'till' 'hurts' 'know' 'hurt'
 'else' 'tormented' 'torn' 'apart' 'wish' 'could' 'carry' 'smile' 'heart'
 'times' 'life' 'seems' 'low' 'would' 'make' 'believe' 'tomorrow' 'bring'
 'today' 'really' 'love' 'lost' 'without' 'right' 'believing' 'long'
 ""can't"" 'late' 'say' 'wrong' 'want' 'come' 'back' 'home' 'away' 'lonely'
 'nights' 'reaching' 'feeling' 'seem' 'oh' 'called' 'said' 'hold'
 ""there's"" 'easy' 'way' 'gets' 'harder' 'day' 'please' 'gone']"
601,"['sorry' 'say' 'years' 'gone' 'still' 'words' 'come' 'easily' 'like'
 'forgive' 'baby' 'hold' 'tonight' 'maybe' 'told' 'right' 'time' 'mine'
 'love']"
609,"['stop' 'oh' 'think' 'heard' 'one' ""nothing's"" 'changed' 'still' 'love'
 'slightly' 'less' 'used' 'delayed' 'waylaid' 'emergency' 'smelt' 'last'
 'ten' 'seconds' 'life' 'crashed' 'crossbar' 'pain' 'enough' 'make' 'shy'
 'bald' 'buddhist' 'reflect' 'plan' 'mass' 'murder' 'said' ""i'd"" 'lied'
 'never' 'detained' 'restrained' 'broke' 'spleen' 'knee' 'really' 'laced'
 'friday' 'night' 'outpatients' 'drank' 'became' 'four' 'fell' 'floor']"
623,"['human' 'sign' 'things' 'go' 'wrong' 'scent' 'lingers' ""temptation's""
 'strong' 'boundary' 'married' 'man' 'sweet' 'deceit' 'comes' ""callin'""
 'negativity' 'lands' 'cold' 'heart' 'hardened' 'look' 'better' 'baby'
 ""passin'"" 'sacrifice' 'simple' 'word' 'two' 'hearts' ""livin'"" 'separate'
 'worlds' 'mutual' ""misunderstandin'"" 'fact' 'sensitivity' 'builds'
 'prison' 'final' 'act' 'lose' 'direction' 'stone' 'unturned' 'tears'
 'damn' 'jealousy' 'burns']"
627,"['trees' 'coming' 'child' 'running' 'night' 'afraid' 'might' 'hiding'
 'dark' 'street' 'following' 'hounds' 'love' 'hunting' 'always' 'coward'
 'know' ""what's"" 'good' 'oh' 'go' 'help' 'someone' 'please' 'take' 'shoes'
 'throw' 'lake' 'two' 'steps' 'water' 'found' 'fox' 'caught' 'dogs' 'let'
 'hands' 'little' 'heart' 'beats' 'fast' 'ashamed' 'away' 'nothing' 'real'
 ""can't"" 'deal' 'still' 'among' 'feel' 'arms' 'surrounding' 'never' 'hold'
 'darling' 'need' 'yeah' 'yo' 'yoyour' 'really']"
654,"['meaning' 'tell' 'got' 'feeling' 'subside' 'look' 'fantasize' 'mine'
 'tonight' 'sights' 'hungry' 'eyes' 'one' ""can't"" 'disguise' 'feel'
 'magic' 'want' 'hold' 'hear' 'show' ""love's"" 'darling' 'take' 'surprise'
 'need' 'see' 'love' 'meant']"
674,"['never' 'seen' 'looking' 'lovely' 'tonight' 'shine' 'bright' 'many' 'men'
 'ask' 'wanted' 'dance' ""they're"" 'little' 'romance' 'given' 'half'
 'chance' 'dress' 'wearing' 'highlights' 'hair' 'catch' 'eyes' 'blind'
 'lady' 'red' 'dancing' 'cheek' ""there's"" 'nobody' 'want' 'hardly' 'know'
 'beauty' 'side' 'forget' 'way' 'look' 'gorgeous' 'amazing' 'people'
 'turned' 'smiled' 'took' 'breath' 'away' 'feeling' 'complete' 'utter'
 'love']"
682,"['nobody' 'knows' 'got' 'secret' 'smile' 'use' 'prove' 'remove' 'whirling'
 'sadness' 'losing' 'bluesing' 'save' 'madness' 'waiting' 'needing' 'hear'
 'pleading' 'soothe' 'improve' 'grieving' 'barely' 'believing' 'flying'
 'around' 'world' 'lying' 'alonely' 'know' ""there's"" 'something' 'sacred'
 'free' 'reserved' 'received']"
696,"['love' 'king' 'crown' 'heart' 'never' 'need' 'part' 'kisses' 'ring'
 'round' 'head' 'touching' 'making' 'soul' 'sing' 'tearing' 'crying'
 'ruler' 'coming' 'dance' 'inside' 'blind' 'faith' 'sad' 'sorry' 'dream'
 'real' 'gotta' 'touch' 'letting' 'go' 'gonna' 'give']"
698,"['want' 'lover' 'anything' 'ask' 'another' 'kind' 'love' 'wear' 'mask'
 'partner' 'take' 'hand' 'strike' 'anger' 'stand' 'man' 'boxer' 'step'
 'ring' 'doctor' 'examine' 'every' 'inch' 'driver' 'climb' 'inside' 'ride'
 'know' 'ah' ""moon's"" 'bright' ""chain's"" 'tight' 'beast' 'go' 'sleep'
 'running' 'promises' 'made' 'could' 'keep' 'never' 'got' 'woman' 'back'
 'begging' 'knees' ""i'd"" 'crawl' 'baby' 'fall' 'feet' 'howl' 'beauty'
 'like' 'dog' 'heat' 'claw' 'heart' 'tear' 'sheet' 'say' 'please'
 'instrumental' 'moment' 'road' 'steer' 'work' 'street' 'alone'
 'disappear' 'father' 'child' 'walk' 'across' 'sand']"
702,"['protect' 'hooded' 'claw' 'keep' 'vampires' 'door' 'ay' 'feels' 'like'
 'fire' 'love' 'dreams' 'angels' 'bad' 'bay' 'light' 'scaring' 'darkness'
 'away' 'purge' 'soul' 'make' 'goal' 'power' 'force' 'cleaning' 'flame'
 'burn' 'desire' 'tongues' 'chips' 'around' 'undying' 'deathdefying'
 'envy' 'hurt' 'let' 'beautiful' 'sparkling' 'flowers' 'pearls' 'pretty'
 'girls' 'energy' ""rushin'"" 'inside' 'time' 'go' 'sublime' 'lovers'
 'entwine' 'divine' 'danger' 'pleasure' 'pure' 'treasure' 'skyscraping'
 'dove']"
707,"['one' 'night' 'trying' 'ooh' 'long' 'let' 'know' 'feel' 'stumble' 'fall'
 'help' 'back' 'make' 'see' 'please' 'give' ""'cause"" ""can't"" 'wait'
 'forever' 'uh' 'oh' 'sitting' 'wasting' 'time' 'staring' 'phone'
 'wondering' 'call' 'thought' 'maybe' 'alone' 'like' 'river' 'sea'
 'always' 'sail' 'away' 'follow' ""there'll"" 'never' 'ever' 'words'
 'change' 'mind' 'learn' 'saxophone' 'solo']"
713,"['there’ll' 'darkness' 'tonight' 'lady' 'love' 'shine' 'lighting' 'night'
 'put' 'trust' 'heart' 'meet' 'paradise' 'time' 'girl' 'you’re' 'every'
 'wonder' 'world' 'treasure' 'won’t' 'steal' 'away' 'listen' 'lay' 'body'
 'close' 'mine' 'let' 'fill' 'dreams' 'make' 'feel' 'alright' 'baby'
 'years' 'going' 'day' 'promise' 'always' 'life' 'back' 'tenderness'
 'let’s' 'forget' 'need' 'sweet' 'caress' 'oh' 'reach' 'fantasy' 'two'
 'hearts' 'beat' 'ecstasy' 'come' 'keep' 'warm' 'shadows' 'touch' 'right'
 'even' 'we’re' 'old' 'gray' 'cause' 'stay' 'want' 'side' 'don’t' 'go'
 'nowhere' 'ooh' 'sweetest' 'squeeze' 'rock' 'woo' 'give' 'babe']"
727,"['whoa' 'oh' 'longest' 'time' 'said' 'goodbye' 'tonight' 'would' 'still'
 'music' 'left' 'write' 'else' 'could' 'inspired' 'happened' 'thought'
 'innocence' 'gone' 'know' 'happiness' 'goes' ""that's"" 'found' 'put'
 'arms' 'around' 'voice' 'hearing' 'hall' 'greatest' 'miracle' 'need'
 'needed' 'maybe' 'last' 'long' 'feel' 'right' 'wrong' 'hoping' 'hard'
 'far' 'hoped' 'knows' 'much' ""we'll"" 'go' 'sorry' 'take' 'chances'
 'forgot' 'nice' 'romance' 'second' 'thoughts' 'start' 'hold' 'heart'
 'woman' 'wonderful' 'care' 'consequence' 'brings' 'fool' 'lesser'
 'things' 'want' 'bad' 'think' 'ought' 'intend']"
737,"['never' 'meant' 'cause' 'sorrow' 'pain' 'wanted' 'one' 'time' 'see'
 'laughing' 'purple' 'rain' 'want' 'bathing' 'weekend' 'lover' 'kind'
 'friend' 'hey' 'baby' 'could' 'steal' 'another' 'shame' 'friendship'
 'end' 'underneath' 'honey' 'know' 'times' 'changing' 'reach' 'something'
 'new' 'means' 'say' 'leader' ""can't"" 'seem' 'make' 'mind' 'think'
 'better' 'close' 'let' 'guide' 'wooo' 'singing' 'come' 'raise' 'hand'
 'instrumental' '346840' 'guitar' 'solo']"
758,"['peter' 'gabriel' 'love' 'get' 'lost' 'sometimes' 'days' 'pass'
 'emptiness' 'fills' 'heart' 'want' 'run' 'away' 'drive' 'car' 'whichever'
 'way' 'go' 'come' 'back' 'place' 'instincts' 'return' 'grand' 'façade'
 'soon' 'burn' 'without' 'noise' 'pride' 'reach' 'inside' 'eyes' 'light'
 'heat' 'complete' 'see' 'doorway' 'thousand' 'churches' 'resolution'
 'fruitless' 'searches' 'oh' 'wanna' 'touch' 'like' 'much' 'pain' 'wasted'
 'moment' 'keeps' 'slipping' 'tired' 'working' 'hard' 'survival' 'look'
 'time' 'keep' 'awake' 'alive' 'youssou' ""n'dour"" 'sa' 'bet' 'chi' 'lamp'
 'tangaay' 'maangi' 'ci' 'biir']"
775,"['swaying' 'room' 'music' 'starts' 'strangers' 'making' 'dark' 'two'
 'bodies' 'become' 'one' 'see' 'smokey' 'air' ""can't"" 'feel' 'weight'
 'stare' 'close' 'still' 'world' 'away' 'dying' 'say' 'crazy' 'touch'
 'know' 'true' 'never' 'wanted' 'anyone' 'like' 'brand' 'new' 'kiss'
 'trying' 'hard' 'control' 'heart' 'walk' 'eye' 'need' 'words' 'slowly'
 'begin' 'move' 'every' 'breath' 'deeper' 'soon' 'standing' 'time' 'read'
 'mind' 'yeah' 'baby']"
776,"['moving' 'forward' 'using' 'breath' 'making' 'love' 'never' 'second'
 'best' 'saw' 'world' 'crashing' 'around' 'face' 'really' 'knowing'
 'always' 'mesh' 'lace' 'stop' 'melt' 'seen' 'difference' 'getting'
 'better' 'time' ""there's"" 'nothing' 'know' 'dream' 'lives' 'kind' 'hate'
 'see' 'dropped' 'state' 'imaginary' 'grace' 'made' 'pilgrimage' 'save'
 'human' 'race' 'comprehending' 'long' 'lost' ""let's"" ""future's"" 'open'
 'wide' 'changes' 'hmm']"
789,"['stolen' 'moments' 'shared' 'got' 'family' 'need' 'though' 'try' 'resist'
 'last' 'list' ""man's"" 'gonna' 'saving' 'love' 'easy' 'living' 'alone'
 'friends' 'tell' 'find' 'man' 'time' 'break' 'cry' ""'cause"" ""i'd""
 'rather' 'home' 'feeling' 'blue' 'used' ""we'd"" 'run' 'away' 'together'
 'gives' 'right' 'free' 'said' 'patient' 'wait' 'little' 'longer' ""that's""
 'old' 'fantasy' 'get' 'ready' 'minutes' 'walk' 'door' 'tonight' 'night'
 'alright' ""we'll"" 'making' 'whole' 'yes' 'woman' 'yeah' 'loving']"
790,"['say' 'always' ""that's"" 'way' 'together' 'naturally' 'dream' 'awesome'
 'people' 'park' 'playing' 'games' 'dark' 'played' 'masquerade' 'behind'
 'walls' 'doubt' 'voice' 'crying' 'go' ""life's"" 'lonesome' 'highway'
 'seems' 'hardest' 'thing' 'find' 'friend' 'two' 'helping' 'hand'
 'someone' 'understands' 'feel' 'lost' 'got' 'show' 'think' 'know'
 'answers' 'oh' 'whole' 'world' 'dancing' 'right' 'telling' 'time' 'start'
 'believing' 'yes' 'shining' 'star']"
793,"['believe' 'children' 'future' 'teach' 'well' 'let' 'lead' 'way' 'show'
 'beauty' 'possess' 'inside' 'give' 'sense' 'pride' 'make' 'easier'
 ""children's"" 'laughter' 'remind' 'us' 'used' ""everybody's"" 'searching'
 'hero' 'people' 'need' 'someone' 'look' 'never' 'found' 'anyone'
 'fulfilled' 'needs' 'lonely' 'place' 'learned' 'depend' 'decided' 'long'
 'ago' 'walk' ""anyone's"" 'shadows' 'fail' 'succeed' 'least' 'live'
 'matter' 'take' ""can't"" 'away' 'dignity' 'greatest' 'love' 'happening'
 'easy' 'achieve' 'learning' 'chance' 'special' 'dreaming' 'leads' 'find'
 'strength']"
824,"['maybe' 'love' 'quite' 'often' 'could' 'treat' 'good' 'made' 'feel'
 'second' 'best' 'girl' 'sorry' 'blind' 'always' 'mind' 'hold' 'lonely'
 'times' 'guess' 'never' 'told' 'happy' 'mine' 'little' 'things' 'said'
 'done' 'took' 'time' 'tell' 'sweet' 'died' 'give' 'one' 'chance' 'keep'
 'satisfied']"
828,"['know' 'never' 'uhuhuh' 'things' ""we've"" 'understand' 'like' 'girl'
 'difference' 'right' 'wrong' ""ain't"" 'gonna' 'nothing' 'break' 'happy'
 'home' 'get' 'excited' 'come' 'little' 'late' 'night' ""'cause"" 'act'
 'children' 'argue' 'fuss' 'fight' 'uh' 'got' 'funny' 'moods' 'mine'
 'woman' 'trust' 'long' 'together' 'easy' 'might' 'well' 'say' 'goodbye'
 'good' 'love' 'affair' ""can't"" 'see' 'eye' 'youuuu' 'uhhhh']"
833,"[""that's"" 'wanted' 'something' 'special' 'someone' 'sacred' 'eyes' 'one'
 'moment' 'bold' 'naked' 'side' 'sometimes' 'think' 'never' 'understand'
 'maybe' 'time' 'forever' 'say' 'whoa' ""somethin'"" 'life' 'warm' 'tells'
 'together' ""we'd"" 'happy' 'baby' 'father' 'figure' 'put' 'tiny' 'hand'
 'mine' 'preacher' 'teacher' 'anything' 'mind' 'enough' 'crime' 'loves'
 ""'til"" 'end' 'love' 'mistaken' 'see' ""baby's"" 'blue' 'shine' 'lover'
 'understands' 'faith' 'strong' 'desert' 'sea' 'ever' 'hunger' 'whatever'
 'ask' 'remember' 'ones' 'lied' 'said' 'cared' 'laughed' 'cried'
 'beautiful' 'darling' ""can't"" 'lie' 'greet' 'child' 'always' ""tellin'""
 'heaven' 'kiss' 'smile' 'hold' 'let' 'go' 'daddy' 'oh']"
839,"['instrumental' 'dance' 'beauty' 'burning' 'violin' 'panic' ""'til""
 'gathered' 'safely' 'lift' 'like' 'olive' 'branch' 'homeward' 'dove'
 'end' 'love' 'oh' 'let' 'see' 'witnesses' 'gone' 'feel' 'moving'
 'babylon' 'show' 'slowly' 'know' 'limits' 'wedding' 'tenderly' 'long'
 ""we're"" 'us' 'beneath' 'children' 'asking' 'born' 'curtains' 'kisses'
 'outworn' 'raise' 'tent' 'shelter' 'though' 'every' 'thread' 'torn'
 'touch' 'naked' 'hand' 'glove']"
841,"['life' 'moment' 'space' 'dream' 'gone' 'lonelier' 'place' 'kissed'
 'morning' 'goodbye' 'inside' 'know' 'never' 'road' 'narrow' 'long' 'eyes'
 'meet' 'feeling' 'strong' 'turn' 'away' 'wall' 'stumble' 'fall' 'give'
 'woman' 'love' 'anything' 'get' 'world' 'hold' 'within' 'right' 'defend'
 'eternally' 'mine' 'measure' 'time' 'planned' 'start' 'live' ""other's""
 'heart' 'may' 'oceans' 'feel' 'hear' 'say' 'truth' 'ever' 'lie' 'oh'
 'talking']"
856,"['produced' 'john' 'lennon' 'yoko' 'ono' 'jack' 'douglas' 'engineered'
 'lee' 'decarlo' 'jon' 'smith' 'life' 'together' 'precious' 'grown'
 'although' 'love' 'still' 'special' ""let's"" 'take' 'chance' 'fly' 'away'
 'somewhere' 'alone' 'long' 'since' 'took' 'time' 'noone' 'blame' 'know'
 'flies' 'quickly' 'see' 'darling' 'like' 'falling' ""it'll"" 'starting'
 'everyday' 'used' 'make' ""can't"" 'making' 'nice' 'easy' 'spread' 'wings'
 'let' 'another' 'day' 'go' 'trip' 'far' ""we'll"" 'early' 'days' 'well']"
862,"['patrick' 'swayze' 'like' 'wind' 'tree' 'rides' 'night' 'next' 'leads'
 'moonlight' 'burn' 'sun' 'taken' 'heart' 'know' 'done' 'feel' 'breath'
 'face' 'body' 'close' ""can't"" 'look' 'eyes' 'league' 'fool' 'believe'
 'anything' 'needs' 'mirror' 'see' 'young' 'old' 'man' 'dream' 'fooling'
 ""she'll"" 'stop' 'pain' 'living' 'without' ""i'd"" 'go' 'insane' 'wendy'
 'fraser']"
878,"['cherish' 'tired' 'broken' 'hearts' 'losing' 'game' 'start' 'dance'
 'take' 'chance' 'telling' 'want' 'romance' 'destiny' ""can't"" 'let' 'go'
 'baby' 'see' 'cupid' 'please' 'aim' 'thought' 'always' 'side' 'oh' 'joy'
 'keep' 'bringing' 'life' 'singing' 'strength' 'got' 'power' 'make' 'feel'
 'good' 'perish' 'ever' 'leaving' 'never' 'would' 'satisfied' 'casual'
 'encounters' 'hide' 'need' 'two' 'bleed' 'burning' 'love' ""that's"" 'way'
 'romeo' 'juliet' 'felt' 'bet' 'underestimate' 'point' 'view' 'get' 'away'
 'could' 'forget' 'word' 'use' 'remind' ""givin'"" 'boy' 'giving'
 'allallall' 'give' 'faith']"
906,"['heart' 'love' 'baby' 'stay' 'see' 'arms' 'hold' 'never' 'leave' 'cause'
 'believe' 'sweet' 'hear' 'calling' 'name' 'feel' 'shame' 'ever' 'go'
 'away' ""it'll"" 'always' 'way' 'called' 'closer' 'need' 'trust' ""we're""
 'feeling' ""'cause"" ""there's"" 'stronger' 'world' 'oh' 'man' 'girl' 'wait'
 ""can't"" 'wrong' 'know' 'belong' 'sweetest' 'dream' 'lovely' 'right'
 'fear' 'ooh' 'sweeter' 'nobody' 'ah' 'sweetly']"
918,"['know' 'love' 'meant' 'kind' 'lasts' 'forever' 'want' 'tonight' 'end'
 'time' 'everywhere' 'go' 'always' 'mind' 'heart' 'soul' 'baby' 'meaning'
 'life' 'inspiration' 'bring' 'feeling' 'wanna' 'near' 'hear' ""sayin'""
 'one' 'needs' 'need' 'yes' 'plain' 'see' ""we're"" 'together' 'chorusoutro'
 'somebody' ""'til""]"
922,"['anyone' ""who's"" 'ever' 'heart' 'turn' 'around' 'break' 'played' 'part'
 'hate' 'sweet' 'jane' 'waiting' 'jimmy' 'alley' 'come' 'back' 'home'
 'corner' 'thinking' 'ways' 'get' 'dream' 'lonely' 'split' 'apart'
 'heavenly' 'wine' 'roses' 'seem' 'whisper' 'smile' 'la']"
936,"['stuck' 'got' 'feeling' 'deep' 'soul' ""can't"" 'lose' 'guess' 'way'
 'needed' 'friend' 'feel' ""'til"" 'end' 'mighty' 'glad' 'stayed' 'fool'
 'long' 'time' 'come' 'home' 'hard' 'see' 'woman' 'like' 'could' 'wait'
 'around' 'man' 'oh' 'leaving' 'midnight' 'train' 'tomorrow' 'know'
 'going' 'packed' 'troubles' 'thrown' 'away' ""'cause"" 'little' 'darling'
 'coming' 'stay']"
939,"['want' 'somebody' 'share' 'rest' 'life' 'innermost' 'thoughts' 'know'
 'intimate' 'details' 'someone' ""who'll"" 'stand' 'side' 'give' 'support'
 'return' ""she'll"" 'get' 'listen' 'speak' 'world' 'live' 'general'
 'though' 'views' 'may' 'wrong' 'even' 'perverted' 'hear' 'easily'
 'converted' 'way' 'thinking' 'fact' 'often' 'disagree' 'end' 'understand'
 'cares' 'passionately' 'every' 'thought' 'breath' 'help' 'see' 'things'
 'different' 'light' 'detest' 'almost' 'like' 'tied' ""anyone's"" 'strings'
 'carefully' 'trying' 'steer' 'clear' 'asleep' 'put' 'arms' 'around'
 'kiss' 'tenderly' 'make' 'sick' 'case' 'away']"
942,"['lives' 'house' 'world' 'outside' 'scrabbles' 'earth' 'fingers' 'mouth'
 'five' 'years' 'old' 'threads' 'worms' 'string' 'keeps' 'spiders'
 'pocket' 'collects' 'fly' 'wings' 'jar' 'scrubs' 'horse' 'flies'
 'pinches' 'line' 'ohhh' 'one' 'friend' 'next' 'door' ""they're""
 'listening' 'weather' 'knows' 'many' 'freckles' 'got' 'scratches' 'beard'
 'painting' 'huge' 'books' 'glues' 'together' 'saw' 'big' 'raven' 'glided'
 'sky' 'touched' 'ohh' 'today' 'birthday' 'smoking' 'cigars' ""he's""
 'chain' 'flowers' 'sews' 'bird' 'knickers' 'lie' 'bathtub']"
964,"['tonight' 'clear' ""'cause"" ""we're"" 'lying' ""there's"" 'many' 'things'
 'wanna' 'say' 'always' 'love' 'would' 'never' 'leave' 'alone' 'sometimes'
 'forget' 'might' 'regret' 'breaks' 'heart' 'see' 'crying' 'lose' 'could'
 'make' 'man' 'fight' 'honor' 'hero' 'dreaming' ""we'll"" 'live' 'forever'
 'knowing' 'together' 'glory' 'keep' 'standing' 'tall' 'help' 'strong'
 'beside' 'needed' 'like' 'knight' 'shining' 'armor' 'long' 'time' 'ago'
 'save' 'day' 'take' 'castle' 'far' 'away' 'gonna' 'ever']"
972,"['nothing' 'much' 'offer' ""there's"" 'take' 'absolute' 'beginner'
 'absolutely' 'sane' 'long' ""we're"" 'together' 'rest' 'go' 'hell' 'love'
 'beginners' 'eyes' 'completely' 'open' 'nervous' 'song' 'could' 'fly'
 'mountains' 'laugh' 'ocean' 'like' 'films' 'reason' 'feel' 'hard' 'times'
 'lay' 'lines' 'true' 'happen' ""can't"" 'shake' 'oh' 'stake' 'still'
 'smiling' 'need' 'certain' 'succeed' 'sail' 'heartaches']"
993,"['lenny' 'kravitz' 'love' 'gentle' 'rose' 'conquer' 'war' 'time' 'take'
 'stand' 'brothers' 'sisters' 'join' 'hands' 'got' 'let' 'rule'
 'transcends' 'space' 'make' 'little' 'child' 'smile' 'oh' ""can't"" 'see'
 'go' 'wrong' 'strong' 'alone' 'yeah' 'use' 'wee']"
1021,"['sit' 'smokey' 'room' 'night' 'end' 'pass' 'time' 'strangers' ""bottle's""
 'friend' 'remember' 'used' 'park' 'butler' 'street' 'dark' 'lost' 'keys'
 'backseat' 'baby' 'talk' 'busting' ""we'd"" 'break' 'hearts' 'together'
 'forever' 'never' 'say' 'goodbye' 'old' 'friends' 'hoping' 'would'
 ""holdin'"" 'got' 'try' 'days' 'skipping' 'school' 'racing' 'cars' 'cool'
 'six' 'pack' 'radio' 'need' 'place' 'go' 'prom' 'fight' 'band' 'played'
 'favorite' 'song' 'held' 'arms' 'strong' 'danced' 'close' 'slow' 'swore'
 ""i'd"" 'let' 'guess' 'yeah']"
1022,['fade' 'ext' 'winter' ... 'scurrying' 'dilapidated' 'undeniably']
1034,"['pretend' 'intend' 'stop' 'living' 'good' 'forgiving' ""can't"" 'hate'
 'although' 'tried' 'mmmm' 'still' 'really' 'love' 'stronger' 'pride' 'mm'
 'sitting' 'wasting' 'time' 'would' 'like' 'waiting' 'sun' 'rise' 'clear'
 'things' 'come' 'go' 'winter' 'gonna' 'cold' 'may' 'even' 'snow']"
1036,"['share' 'drive' 'ambition' 'zeal' 'feel' 'time' 'note' 'wrote' 'read'
 'said' 'perrier' 'gone' 'straight' 'head' 'life' 'sick' 'cruel' 'instead'
 'yes' 'oh' 'dreams' 'inside' 'tends' 'come' 'go' ""that's"" 'okay' 'long'
 'know' 'want' 'freedom' 'guile' 'see' 'somewhere' 'sometime' 'darling']"
1040,"['need' 'friend' 'look' 'stranger' 'know' 'end' 'always' 'doubt' 'danger'
 'take' 'around' 'sorry' 'thinking' 'right' 'words' 'say' 'sound' 'way'
 'planned' 'wait' 'make' 'fall' 'promise' 'day' 'temper' 'gonna'
 'sometimes' 'shout' ""what's"" 'intended' 'come' 'cross' 'bear' 'walk'
 'world' ""i'd"" 'gotta' 'tell']"
1076,"['pray' 'god' 'cope' 'stand' 'outside' ""woman's"" 'work' 'world' 'ooh'
 'hard' 'man' 'part' 'starts' 'craft' 'father' 'know' 'little' 'life'
 'yet' 'lot' 'strength' 'left' 'crying' ""can't"" 'let' 'show' 'hoping'
 'stop' 'thinking' 'things' 'said' 'never' 'done' 'given' 'oh' 'darling'
 'make' 'go' 'away' 'give' 'moments' 'back' 'kiss' 'hand' 'needed'
 'wanted']"
1077,"['day' 'live' 'want' 'give' 'best' 'one' 'alone' 'finest' 'yet' 'unknown'
 'broke' 'heart' 'fought' 'every' 'gain' 'taste' 'sweet' 'face' 'pain'
 'rise' 'fall' 'much' 'remains' 'moment' 'time' 'thought' 'could' 'dreams'
 'heartbeat' 'away' 'answers' 'racing' 'destiny' 'feel' 'eternity' 'lived'
 'less' 'laid' 'plans' 'lay' 'chance' 'hands' 'winner' 'lifetime' 'seize'
 'make' 'shine' 'bex2' 'free']"
1105,"['everybody' 'needs' 'little' 'time' 'away' 'heard' 'say' 'even' 'lovers'
 'need' 'holiday' 'far' 'hold' 'hard' 'sorry' 'want' 'stay' 'postchorus'
 ""we've"" 'make' 'promise' ""that's"" 'said' 'done' 'part' ""can't"" 'let' 'go'
 'stand' 'kept' 'day' 'body' 'wanna' 'swept' 'one' 'love' 'know' 'really'
 'tell' 'could' 'never' 'refrain' 'gonna' 'lucky' 'get' 'jump' 'air'
 ""one'll"" 'see' 'us' 'cause' ""there's"" 'nobody' 'care' 'take']"
