,Song Name,Artist,Words count,Year,Bin
0,The Scientist,Coldplay,101,2002,2000s
1,Yellow,Coldplay,99,2000,2000s
2,Fix You,Coldplay,93,2005,2000s
3,Chasing Cars,Snow Patrol,83,2006,2000s
4,I'm Yours,Jason Mraz,227,2008,2000s
5,I Will Follow You Into The Dark,Death Cab for Cutie,110,2006,2000s
6,How to Save a Life,The Fray,166,2005,2000s
7,She Will Be Loved,Maroon 5,144,2002,2000s
8,Such Great Heights,The Postal Service,123,2003,2000s
9,Skinny Love,Bon Iver,76,2007,2000s
10,Somewhere Only We Know,Keane,125,2004,2000s
11,This Love,Maroon 5,134,2002,2000s
12,Best I Ever Had,Drake,408,2009,2000s
13,I MISS YOU,blink-182,150,2004,2000s
14,Here Without You,3 Doors Down,119,2002,2000s
15,Halo,Beyoncé,231,2009,2000s
16,The Reason,Hoobastank,86,2003,2000s
17,Hey There Delilah,Plain White T's,152,2006,2000s
18,All I Need,Radiohead,49,2007,2000s
19,Heartbeats,José González,80,2003,2000s
20,Better Together,Jack Johnson,152,2005,2000s
21,My Immortal,Evanescence,110,2003,2000s
22,You've Got the Love,Florence + the Machine,125,2009,2000s
23,Maps,Yeah Yeah Yeahs,100,2003,2000s
24,House of Cards,Radiohead,61,2007,2000s
25,You're Beautiful,James Blunt,87,2005,2000s
26,Bleeding Love,Leona Lewis,215,2007,2000s
27,Home,Edward Sharpe & The Magnetic Zeros,240,2009,2000s
28,Digital Love,Daft Punk,73,2001,2000s
29,Chasing Pavements,Adele,122,2008,2000s
30,Banana Pancakes,Jack Johnson,168,2005,2000s
31,Something About Us,Daft Punk,43,2001,2000s
32,Love Is a Losing Game,Amy Winehouse,65,2007,2000s
33,Green Eyes,Coldplay,72,2002,2000s
34,Breathe Me,Sia,48,2004,2000s
35,Love Lockdown,Kanye West,214,2008,2000s
36,Fidelity,Regina Spektor,154,2006,2000s
37,"Hey, Soul Sister",Train,168,2009,2000s
38,Run,Snow Patrol,109,2004,2000s
39,Strawberry Swing,Coldplay,91,2008,2000s
40,Heart Skipped a Beat,The xx,116,2009,2000s
41,First Day of My Life,Bright Eyes,103,2005,2000s
42,Make You Feel My Love,Adele,91,2008,2000s
43,Love Song,Sara Bareilles,202,2007,2000s
44,Naked As We Came,Iron & Wine,52,2004,2000s
45,Warning Sign,Coldplay,87,2002,2000s
46,Open Your Eyes,Snow Patrol,104,2007,2000s
47,Sparks,Coldplay,70,2000,2000s
48,Come Away with Me,Norah Jones,53,2002,2000s
49,This Modern Love,Bloc Party,130,2005,2000s
50,Cosmic Love,Florence + the Machine,87,2009,2000s
51,Unfaithful,Rihanna,156,2006,2000s
52,No One,Alicia Keys,150,2007,2000s
53,Samson,Regina Spektor,134,2002,2000s
54,If I Were a Boy,Beyoncé,146,2008,2000s
55,Cannonball,Damien Rice,105,2002,2000s
56,Love Story,Taylor Swift,181,2008,2000s
57,Where Is the Love,Black Eyed Peas,353,2003,2000s
58,Bubbly,Colbie Caillat,146,2007,2000s
59,Breakeven,The Script,193,2008,2000s
60,A Message,Coldplay,83,2005,2000s
61,Thank You,Dido,95,2000,2000s
62,Let Me Love You,Mario,255,2004,2000s
63,Apologize,OneRepublic,99,2006,2000s
64,Far Away,Nickelback,151,2006,2000s
65,Lying Is the Most Fun a Girl Can Have Without Taking Her Clothes Off,Panic! at the Disco,256,2006,2000s
66,A Rush of Blood to the Head,Coldplay,179,2002,2000s
67,Apologize,Timbaland,95,2007,2000s
68,Nothing Better,The Postal Service,142,2003,2000s
69,Your Body Is a Wonderland,John Mayer,136,2002,2000s
70,Goodbye My Lover,James Blunt,163,2005,2000s
71,Falling Away With You,Muse,110,2003,2000s
72,Marching Bands of Manhattan,Death Cab for Cutie,84,2005,2000s
73,Re: Stacks,Bon Iver,86,2007,2000s
74,You Found Me,The Fray,118,2008,2000s
75,The Man Who Can't Be Moved,The Script,232,2008,2000s
76,The Only Exception,Paramore,99,2009,2000s
77,Replay,Iyaz,281,2009,2000s
78,Crown of Love,Arcade Fire,111,2004,2000s
79,To Be Alone With You,Sufjan Stevens,41,2004,2000s
80,If I Ever Feel Better,Phoenix,300,2000,2000s
81,With You,Chris Brown,267,2007,2000s
82,Forever,Chris Brown,269,2008,2000s
83,Meet Me Halfway,Black Eyed Peas,200,2009,2000s
84,A Thousand Miles,Vanessa Carlton,141,2002,2000s
85,Stop Crying Your Heart Out,Oasis,102,2002,2000s
86,Swallowed in the Sea,Coldplay,126,2005,2000s
87,A Lack of Color,Death Cab for Cutie,72,2003,2000s
88,Your Heart Is an Empty Room,Death Cab for Cutie,74,2005,2000s
89,9 Crimes,Damien Rice,138,2006,2000s
90,Wish You Were Here,Incubus,60,2001,2000s
91,Blood Bank,Bon Iver,100,2009,2000s
92,The Blower's Daughter,Damien Rice,108,2002,2000s
93,No One's Gonna Love You,Band of Horses,97,2007,2000s
94,Ocean Avenue,Yellowcard,130,2004,2000s
95,Always,blink-182,118,2004,2000s
96,"Flightless Bird, American Mouth",Iron & Wine,75,2007,2000s
97,Take a Bow,Rihanna,141,2008,2000s
98,You Belong with Me,Taylor Swift,168,2008,2000s
99,Need You Now,Lady Antebellum,143,2009,2000s
100,Transatlanticism,Death Cab for Cutie,101,2003,2000s
101,Endlessly,Muse,61,2003,2000s
102,The Ghost of You,My Chemical Romance,129,2004,2000s
103,My Love,Justin Timberlake,394,2006,2000s
104,Clark Gable,The Postal Service,102,2003,2000s
105,You Could Be Happy,Snow Patrol,57,2006,2000s
106,Someday You Will Be Loved,Death Cab for Cutie,103,2005,2000s
107,Everything Will Be Alright,The Killers,99,2004,2000s
108,Brand New Colony,The Postal Service,110,2003,2000s
109,Knock You Down,Keri Hilson,441,2009,2000s
110,Lips Of An Angel,Hinder,158,2006,2000s
111,You Give Me Something,James Morrison,129,2006,2000s
112,What Sarah Said,Death Cab for Cutie,96,2005,2000s
113,I Don't Love You,My Chemical Romance,93,2006,2000s
114,Creature Fear,Bon Iver,60,2007,2000s
115,Do You Realize??,The Flaming Lips,82,2002,2000s
116,Dilemma,Nelly,385,2002,2000s
117,We Will Become Silhouettes,The Postal Service,106,2005,2000s
118,Brothers on a Hotel Bed,Death Cab for Cutie,86,2005,2000s
119,Dakota,Stereophonics,144,2005,2000s
120,When You're Gone,Avril Lavigne,126,2007,2000s
121,Slow Dancing in a Burning Room,John Mayer,118,2006,2000s
122,Unintended,Muse,63,2000,2000s
123,Love Hurts,Incubus,139,2006,2000s
124,Set the Fire to the Third Bar,Snow Patrol,102,2006,2000s
125,If I Ain't Got You,Alicia Keys,129,2004,2000s
126,But It's Better If You Do,Panic! at the Disco,170,2006,2000s
127,Delicate,Damien Rice,76,2002,2000s
128,All the Right Moves,OneRepublic,250,2009,2000s
129,You and Me,Lifehouse,82,2005,2000s
130,You're All I Have,Snow Patrol,112,2006,2000s
131,I'm with You,Avril Lavigne,120,2002,2000s
132,5 Years Time,Noah and the Whale,171,2008,2000s
133,Do You Remember,Jack Johnson,101,2005,2000s
134,Rehab,Rihanna,314,2008,2000s
135,Playground Love,Air,43,2000,2000s
136,Thinking of You,Katy Perry,129,2008,2000s
137,Look After You,The Fray,133,2005,2000s
138,Better in Time,Leona Lewis,183,2008,2000s
139,Hanging by a Moment,Lifehouse,130,2000,2000s
140,Little Bit,Lykke Li,162,2007,2000s
141,Won't Go Home Without You,Maroon 5,159,2007,2000s
142,To Build a Home,The Cinematic Orchestra,65,2007,2000s
143,Daydreamer,Adele,82,2008,2000s
144,I Will Possess Your Heart,Death Cab for Cutie,129,2008,2000s
145,I'd Rather Dance With You,Kings of Convenience,80,2004,2000s
146,We Belong Together,Mariah Carey,235,2005,2000s
147,Can't Help But Wait,Trey Songz,207,2007,2000s
148,Volcano,Damien Rice,184,2002,2000s
149,Roulette,System of a Down,94,2002,2000s
150,Us,Regina Spektor,123,2004,2000s
151,When It Rains,Paramore,132,2007,2000s
152,Bedshaped,Keane,75,2004,2000s
153,Stickwitu,The Pussycat Dolls,250,2005,2000s
154,Sea of Love,Cat Power,28,2000,2000s
155,Hear You Me,Jimmy Eat World,118,2001,2000s
156,Dig,Incubus,117,2006,2000s
157,Accidentally in Love,Counting Crows,184,2004,2000s
158,Daughters,John Mayer,111,2004,2000s
159,Lua,Bright Eyes,142,2004,2000s
160,Collide,Howie Day,88,2004,2000s
161,Love Today,Mika,136,2007,2000s
162,Look What You've Done,Jet,106,2003,2000s
163,So Sorry,Feist,77,2007,2000s
164,"Build God, Then We'll Talk",Panic! at the Disco,180,2007,2000s
165,We Might as Well Be Strangers,Keane,59,2004,2000s
166,Amber,311,97,2001,2000s
167,The Sharpest Lives,My Chemical Romance,160,2006,2000s
168,High,James Blunt,92,2004,2000s
169,Time to Dance,Panic! at the Disco,157,2005,2000s
170,"Jesus, Etc.",Wilco,129,2002,2000s
171,Tiny Vessels,Death Cab for Cutie,101,2003,2000s
172,Feel,Robbie Williams,125,2002,2000s
173,Please Don't Leave Me,P!nk,161,2008,2000s
174,Never Say Never,The Fray,101,2009,2000s
175,Home,Michael Bublé,139,2005,2000s
176,Million Faces,Paolo Nutini,156,2006,2000s
177,Lost Without U,Robin Thicke,187,2007,2000s
178,Now at Last,Feist,37,2004,2000s
179,Trophy,Bat for Lashes,135,2006,2000s
180,No Air,Jordin Sparks,338,2008,2000s
181,It's Not Up to You,Björk,87,2001,2000s
182,Together We Will Live Forever,Clint Mansell,1,2006,2000s
183,Beating Heart Baby,Head Automatica,192,2004,2000s
184,Cautioners,Jimmy Eat World,68,2001,2000s
185,Bruised,Jack's Mannequin,192,2005,2000s
186,Night Terror,Laura Marling,81,2007,2000s
187,The Closest Thing to Crazy,Katie Melua,73,2003,2000s
188,Photobooth,Death Cab for Cutie,135,2000,2000s
189,Elephant,Damien Rice,107,2006,2000s
190,Unsolved Mysteries,Animal Collective,102,2007,2000s
191,Katherine Kiss Me,Franz Ferdinand,94,2009,2000s
192,The Engine Driver,The Decemberists,108,2005,2000s
193,Cater 2 U,Destiny's Child,323,2004,2000s
194,Hamburg Song,Keane,95,2006,2000s
195,First Time,Lifehouse,156,2007,2000s
196,The Animals Were Gone,Damien Rice,125,2006,2000s
197,I Melt with You,Nouvelle Vague,101,2004,2000s
198,Blue Skies,Noah and the Whale,69,2009,2000s
199,Measuring Cups,Andrew Bird,115,2005,2000s
200,The Good Stuff,Kenny Chesney,185,2002,2000s
201,Poor Places,Wilco,161,2002,2000s
202,The Finish Line,Snow Patrol,77,2006,2000s
203,Summer Love,Justin Timberlake,329,2006,2000s
204,Not About Love,Fiona Apple,146,2005,2000s
205,I Summon You,Spoon,77,2005,2000s
206,Faded From the Winter,Iron & Wine,23,2002,2000s
207,Love Dog,TV on the Radio,81,2008,2000s
208,Candy,Paolo Nutini,195,2009,2000s
209,Laura,Girls,92,2009,2000s
210,Be Still My Heart,The Postal Service,71,2005,2000s
211,Eskimo,Damien Rice,96,2002,2000s
212,L.O.V.E.,Ashlee Simpson,170,2005,2000s
213,In God's Hands,Nelly Furtado,107,2007,2000s
214,All We Are,OneRepublic,146,2007,2000s
215,Crawl,Chris Brown,155,2009,2000s
216,One Line,PJ Harvey,69,2000,2000s
217,Not Falling Apart,Maroon 5,135,2007,2000s
218,Love Song For No One,John Mayer,104,2001,2000s
219,Love Like a Sunset Part II,Phoenix,18,2009,2000s
220,Miserable at Best,Mayday Parade,231,2007,2000s
221,You Have Killed Me,Morrissey,64,2006,2000s
222,Passive Aggressive,Placebo,98,2000,2000s
223,Shelter,Ray LaMontagne,81,2004,2000s
224,It's True That We Love One Another,The White Stripes,199,2003,2000s
225,"Decatur, or, Round of Applause for Your Stepmother!",Sufjan Stevens,94,2005,2000s
226,I Am In Love With You,Imogen Heap,93,2005,2000s
227,I Wanna Know,Joe,233,2000,2000s
228,Don't Forget,Demi Lovato,88,2008,2000s
229,Ever Fallen in Love,Nouvelle Vague,171,2006,2000s
230,The Calculation,Regina Spektor,114,2009,2000s
231,All My Loving,Jim Sturgess,76,2007,2000s
232,Reservations,Wilco,55,2002,2000s
233,The Gulag Orkestar,Beirut,33,2006,2000s
234,She's A Lady,Forever the Sickest Kids,160,2008,2000s
235,Breathe,Michelle Branch,127,2003,2000s
236,Honey and the Moon,Joseph Arthur,166,2002,2000s
237,Forever Young,Youth Group,135,2006,2000s
238,The Magic Position,Patrick Wolf,107,2007,2000s
239,One Sweet Love,Sara Bareilles,144,2004,2000s
240,Bless the Broken Road,Rascal Flatts,117,2004,2000s
241,In Those Jeans,Ginuwine,217,2003,2000s
242,Pictures Of You,The Last Goodnight,119,2007,2000s
243,Hate Me,Blue October,265,2006,2000s
244,Ave Maria,Beyoncé,79,2008,2000s
245,Sowing Season (Yeah),Brand New,132,2006,2000s
246,Good Woman,Cat Power,44,2003,2000s
247,Dress Up in You,Belle and Sebastian,155,2006,2000s
248,Light Up the Sky,Yellowcard,140,2007,2000s
249,Death on the Stairs,The Libertines,178,2002,2000s
250,(Another Song) All Over Again,Justin Timberlake,109,2006,2000s
251,The Way I Loved You,Taylor Swift,168,2008,2000s
252,Good Love,Bat for Lashes,113,2009,2000s
253,Tonight,Lykke Li,221,2008,2000s
254,A Song for the Lovers,Richard Ashcroft,137,2000,2000s
255,The Gift,Angels & Airwaves,147,2006,2000s
256,Last Night on Earth,Green Day,68,2009,2000s
257,Believe,Yellowcard,182,2003,2000s
258,Existentialism On Prom Night,Straylight Run,106,2004,2000s
259,Loch Raven,Animal Collective,228,2005,2000s
260,Checkmarks,The Academy Is...,165,2005,2000s
261,Back at Your Door,Maroon 5,164,2007,2000s
262,Make You Smile,44,143,2006,2000s
263,City Love,John Mayer,108,2001,2000s
264,Supergirl,Reamonn,112,2000,2000s
265,Ode to Divorce,Regina Spektor,129,2004,2000s
266,Provider,N*E*R*D,198,2008,2000s
267,bird stealing bread,Iron & Wine,80,2002,2000s
268,Unison,Björk,96,2001,2000s
269,Daughters of the Soho Riots,The National,118,2005,2000s
270,Honestly,Cartel,126,2006,2000s
271,I Wanna,The All-American Rejects,166,2009,2000s
272,Running,No Doubt,122,2001,2000s
273,Broken,Seether (feat. Amy Lee),121,2004,2000s
274,The Call,Regina Spektor,81,2008,2000s
275,Perfectly Lonely,John Mayer,139,2009,2000s
276,Run,Leona Lewis,102,2008,2000s
277,The Trapeze Swinger,Iron & Wine,222,2009,2000s
278,Eyes,Rogue Wave,59,2006,2000s
279,Our Way to Fall,Yo La Tengo,105,2000,2000s
280,Whatever It Takes,Lifehouse,124,2007,2000s
281,Soco Amaretto Lime,Brand New,243,2001,2000s
282,Hate,Cat Power,82,2006,2000s
283,Until the End of Time,Justin Timberlake,199,2006,2000s
284,As Lovers Go,Dashboard Confessional,140,2003,2000s
285,Over,Lindsay Lohan,135,2004,2000s
286,Mr. E's Beautiful Blues,Eels,134,2000,2000s
287,"Wow, I Can Get Sexual Too",Say Anything,133,2005,2000s
288,Mix Tape,Brand New,94,2001,2000s
289,Bury Your Head,Saosin,132,2006,2000s
290,If You're Not the One,Daniel Bedingfield,129,2002,2000s
291,Here's To The Night,EVE 6,112,2001,2000s
292,Accidental Babies,Damien Rice,121,2006,2000s
293,Fools,The Temper Trap,71,2009,2000s
294,I've Got Friends,Manchester Orchestra,148,2009,2000s
295,Let Me Kiss You,Morrissey,64,2004,2000s
296,Coney Island,Death Cab for Cutie,36,2001,2000s
297,In Love with a Girl,Gavin DeGraw,211,2008,2000s
298,Be Without You,Mary J. Blige,273,2005,2000s
299,I Woke Up In A Car,Something Corporate,174,2002,2000s
300,Come Back to Bed,John Mayer,113,2003,2000s
301,Take Me Anywhere,Tegan and Sara,114,2004,2000s
302,Punk Rock Princess,Something Corporate,142,2002,2000s
303,My Superman,Santigold,38,2008,2000s
304,Shape of My Heart,Backstreet Boys,141,2000,2000s
305,The Bird and The Worm,Owl City,141,2009,2000s
306,Keep You Much Longer,Akon,339,2008,2000s
307,Paper Shoes,Incubus,101,2006,2000s
308,She Says,Howie Day,124,2005,2000s
309,Kill the Messenger,Jack's Mannequin,150,2005,2000s
310,I'm a Lady (feat. Trouble Andrew),Santigold,94,2008,2000s
311,Secret Valentine,We the Kings,132,2007,2000s
312,Who Needs Love?,Razorlight,99,2006,2000s
313,Midnight Bottle,Colbie Caillat,145,2007,2000s
314,Skeptics And True Believers,The Academy Is...,136,2005,2000s
315,Information Travels Faster,Death Cab for Cutie,72,2001,2000s
316,Jezebel,Iron & Wine,93,2005,2000s
317,Cubism Dream,Local Natives,85,2009,2000s
318,There's A Class For This,Cute Is What We Aim For,143,2006,2000s
319,I'm Yours,The Script,116,2008,2000s
320,You and I,Wilco,87,2009,2000s
321,I Have Friends in Holy Spaces,Panic! at the Disco,90,2008,2000s
322,Glorious,Muse,52,2007,2000s
323,Recess,Muse,50,2000,2000s
324,The Moon,Cat Power,54,2006,2000s
325,After Tonight,Justin Nozuka,139,2008,2000s
326,Tim McGraw,Taylor Swift,187,2006,2000s
327,City,Sara Bareilles,106,2007,2000s
328,Yoshimi Battles the Pink Robots Pt. 1,The Flaming Lips,97,2002,2000s
329,Winters Love,Animal Collective,57,2004,2000s
330,Gotta Have You,The Weepies,125,2006,2000s
331,Mirrorball,Elbow,98,2008,2000s
332,The Last Song,The All-American Rejects,152,2003,2000s
333,Cry Me Out,Pixie Lott,117,2009,2000s
334,Again I Go Unnoticed,Dashboard Confessional,114,2000,2000s
335,Terrible Angels,CocoRosie,141,2004,2000s
336,Should've Said No,Taylor Swift,134,2006,2000s
337,Bright Lights,Matchbox Twenty,150,2003,2000s
338,Cigarettes And Chocolate Milk,Rufus Wainwright,144,2001,2000s
339,You Really Got a Hold on Me,She & Him,72,2008,2000s
340,When The Stars Go Blue,Ryan Adams,71,2001,2000s
341,Loving You,Paolo Nutini,157,2006,2000s
342,The Blue Channel,Taking Back Sunday,82,2002,2000s
343,Wonderwall,Oasis,105,1995,90s
344,Iris,Goo Goo Dolls,96,1998,90s
345,Love Will Tear Us Apart,Joy Division,87,1980,80s
346,Fake Plastic Trees,Radiohead,71,1995,90s
347,Friday I'm in Love,The Cure,130,1992,90s
348,Someone Like You,Adele,167,2011,2010s
349,Don't Speak,No Doubt,155,1996,90s
350,Just Like Heaven,The Cure,91,1987,80s
351,With or Without You,U2,75,1987,80s
352,Hallelujah,Jeff Buckley,143,1994,90s
353,Set Fire to the Rain,Adele,173,2011,2010s
354,I Don't Want to Miss a Thing,Aerosmith,200,1998,90s
355,One,U2,123,1992,90s
356,All You Need Is Love,The Beatles,97,1967,60s
357,Ho Hey,The Lumineers,62,2012,2010s
358,Lovesong,The Cure,78,1989,80s
359,Something,The Beatles,52,1969,60s
360,There Is a Light That Never Goes Out,The Smiths,142,1986,80s
361,Linger,The Cranberries,101,1993,90s
362,Somebody to Love,Queen,259,1976,70s
363,Just the Way You Are,Bruno Mars,130,2010,2010s
364,Your Song,Elton John,111,1970,70s
365,Kiss Me,Sixpence None the Richer,100,1998,90s
366,Lovefool,The Cardigans,128,1996,90s
367,Love Me Do,The Beatles,96,1962,60s
368,Wouldn't It Be Nice,The Beach Boys,92,1966,60s
369,I Want to Hold Your Hand,The Beatles,135,1963,60s
370,Your Love Is My Drug,Ke$ha,186,2010,2010s
371,Can't Buy Me Love,The Beatles,119,1964,60s
372,Thinkin Bout You,Frank Ocean,158,2012,2010s
373,Pictures of You,The Cure,126,1989,80s
374,My Girl,The Temptations,106,1964,60s
375,In the Aeroplane Over the Sea,Neutral Milk Hotel,109,1998,90s
376,Stand By Me,Ben E. King,67,1961,60s
377,Wonderful Tonight,Eric Clapton,70,1977,70s
378,Love The Way You Lie,Eminem,382,2010,2010s
379,She Loves You,The Beatles,146,1963,60s
380,Young and Beautiful,Lana Del Rey,142,2013,2010s
381,Eight Days a Week,The Beatles,154,1964,60s
382,Is This Love,Bob Marley & The Wailers,170,1978,70s
383,Off to the Races,Lana Del Rey,317,2012,2010s
384,God Only Knows,The Beach Boys,115,1966,60s
385,Jar of Hearts,Christina Perri,153,2010,2010s
386,Nothing Compares 2 U,Sinéad O'Connor,113,1990,90s
387,Bridge over Troubled Water,Simon & Garfunkel,70,1970,70s
388,I Will Always Love You,Whitney Houston,60,1992,90s
389,Thinking Out Loud,Ed Sheeran,161,2014,2010s
390,In My Life,The Beatles,86,1965,60s
391,Kiss from a Rose,Seal,198,1994,90s
392,Here with Me,Dido,90,1999,90s
393,Careless Whisper,George Michael,173,1984,80s
394,Skinny Love,Birdy,81,2011,2010s
395,Romeo and Juliet,Dire Straits,203,1980,80s
396,All of Me,John Legend,142,2013,2010s
397,Radio,Lana Del Rey,232,2012,2010s
398,Don't You Remember,Adele,78,2011,2010s
399,Fields of Gold,Sting,113,1993,90s
400,Fade Into You,Mazzy Star,74,1994,90s
401,Pale Blue Eyes,The Velvet Underground,103,1969,60s
402,Jóga,Björk,119,1997,90s
403,Wicked Game,Chris Isaak,130,1990,90s
404,Angels,Robbie Williams,124,1997,90s
405,The One That Got Away,Katy Perry,161,2010,2010s
406,Can't Help Falling in Love,Elvis Presley,57,1961,60s
407,One and Only,Adele,187,2011,2010s
408,Suspicious Minds,Elvis Presley,141,1969,60s
409,Michelle,The Beatles,99,1965,60s
410,Wrecking Ball,Miley Cyrus,163,2013,2010s
411,More Than Words,Extreme,104,1991,90s
412,Lovesong,Adele,101,2011,2010s
413,"Holland, 1945",Neutral Milk Hotel,125,1998,90s
414,When I Was Your Man,Bruno Mars,136,2013,2010s
415,All My Loving,The Beatles,76,1963,60s
416,Golden Slumbers,The Beatles,41,1969,60s
417,Last Goodbye,Jeff Buckley,88,1994,90s
418,Thinking About You,Radiohead,74,1993,90s
419,Girl,The Beatles,169,1965,60s
420,At Last,Etta James,85,1960,60s
421,Colorblind,Counting Crows,45,1999,90s
422,Lay Lady Lay,Bob Dylan,103,1969,60s
423,And I Love Her,The Beatles,46,1964,60s
424,It's Oh So Quiet,Björk,132,1995,90s
425,Crash into Me,Dave Matthews Band,130,1996,90s
426,All Is Full of Love,Björk,56,1999,90s
427,I Would Do Anything for You,Foster the People,174,2011,2010s
428,Purple Rain,Prince,125,1984,80s
429,From Me to You,The Beatles,128,1963,60s
430,Love on Top,Beyoncé,273,2011,2010s
431,Photograph,Ed Sheeran,155,2014,2010s
432,I Want to Know What Love Is,Foreigner,170,1984,80s
433,Always,Bon Jovi,175,1994,90s
434,Shape Of My Heart,Sting,126,1993,90s
435,Treasure,Bruno Mars,116,2013,2010s
436,The Hills,The Weeknd,226,2015,2010s
437,Stubborn Love,The Lumineers,121,2011,2010s
438,Shut Up and Dance,Walk the Moon,168,2014,2010s
439,Animal,Neon Trees,139,2010,2010s
440,Te Amo,Rihanna,171,2010,2010s
441,Heaven,Bryan Adams,117,1985,80s
442,I Want You,Bob Dylan,116,1966,60s
443,Walking After You,Foo Fighters,75,1998,90s
444,"Hold On, We're Going Home",Drake,192,2013,2010s
445,Marry You,Bruno Mars,181,2011,2010s
446,Angeles,Elliott Smith,77,1997,90s
447,Glycerine,Bush,112,1994,90s
448,Lovely Rita,The Beatles,163,1967,60s
449,Ride,Lana Del Rey,156,2012,2010s
450,I Won't Give Up,Jason Mraz,143,2012,2010s
451,No. 1 Party Anthem,Arctic Monkeys,166,2013,2010s
452,Say Yes,Elliott Smith,81,1997,90s
453,Truly Madly Deeply,Savage Garden,150,1997,90s
454,Hotline Bling,Drake,218,2015,2010s
455,Love Me Again,John Newman,97,2013,2010s
456,Push,Matchbox Twenty,133,1996,90s
457,"Here, There and Everywhere",The Beatles,74,1966,60s
458,Without You,Lana Del Rey,166,2012,2010s
459,I Miss You,Incubus,43,1999,90s
460,Head Over Feet,Alanis Morissette,101,1995,90s
461,Never Tear Us Apart,INXS,72,1987,80s
462,Strangers in the Night,Frank Sinatra,82,1966,60s
463,Unchained Melody,The Righteous Brothers,64,1965,60s
464,Got to Get You Into My Life,The Beatles,97,1966,60s
465,I Will,The Beatles,47,1968,60s
466,Waiting In Vain,Bob Marley & The Wailers,184,1977,70s
467,Angel,Sarah McLachlan,110,1998,90s
468,Killing Me Softly with His Song,Fugees,173,2020,2010s
469,It Must Have Been Love,Roxette,102,1990,90s
470,Sorry,Justin Bieber,171,2015,2010s
471,You've Got to Hide Your Love Away,The Beatles,60,1965,60s
472,Love Lost,The Temper Trap,62,2010,2010s
473,I'm Not in Love,10cc,101,1975,70s
474,Best Thing I Never Had,Beyoncé,248,2011,2010s
475,Julia,The Beatles,71,1968,60s
476,Baby,Justin Bieber,270,2010,2010s
477,Only Love,Ben Howard,185,2012,2010s
478,Black Balloon,Goo Goo Dolls,101,1999,90s
479,All I Want,Kodaline,106,2013,2010s
480,Woman,John Lennon,84,1981,80s
481,Hello,Lionel Richie,89,1983,80s
482,Love You To,The Beatles,67,1966,60s
483,My Body,Young the Giant,105,2011,2010s
484,Love Love Love,Of Monsters and Men,106,2012,2010s
485,Is This Love,Whitesnake,109,1987,80s
486,Your Song,Ellie Goulding,82,2010,2010s
487,Lilac Wine,Jeff Buckley,79,1994,90s
488,"Lover, You Should've Come Over",Jeff Buckley,175,1994,90s
489,A Thousand Years,Christina Perri,109,2011,2010s
490,Bed Of Roses,Bon Jovi,188,1993,90s
491,Only in Dreams,Weezer,72,1994,90s
492,The One I Love,R.E.M.,73,1987,80s
493,Without You I'm Nothing,Placebo,88,1998,90s
494,Give Me Love,Ed Sheeran,302,2012,2010s
495,Love Hurts,Nazareth,104,1974,70s
496,Isn't She Lovely,Stevie Wonder,60,1976,70s
497,Eternal Flame,The Bangles,116,1989,80s
498,I'm Looking Through You,The Beatles,80,1965,60s
499,Still into You,Paramore,143,2013,2010s
500,Talk Show Host,Radiohead,48,1996,90s
501,La La Love You,Pixies,89,1989,80s
502,Unravel,Björk,85,1997,90s
503,Possibly Maybe,Björk,144,1996,90s
504,I Could Have Lied,Red Hot Chili Peppers,109,1991,90s
505,Love Street,The Doors,70,1968,60s
506,You Are Not Alone,Michael Jackson,141,1995,90s
507,I'm Sticking With You,The Velvet Underground,76,1985,80s
508,Drunk in Love,Beyoncé,330,2013,2010s
509,Same Love (feat. Mary Lambert),Macklemore & Ryan Lewis,340,2012,2010s
510,(Everything I Do) I Do It for You,Bryan Adams,126,1991,90s
511,True Love Waits,Radiohead,43,2016,2010s
512,California King Bed,Rihanna,158,2010,2010s
513,Name,Goo Goo Dolls,94,1995,90s
514,Love You Like a Love Song,Selena Gomez & the Scene,193,2011,2010s
515,When A Man Loves A Woman,Percy Sledge,95,1966,60s
516,True Colors,Cyndi Lauper,121,1986,80s
517,For the First Time,The Script,205,2010,2010s
518,Always Be My Baby,Mariah Carey,194,1995,90s
519,Love Me Harder,Ariana Grande,260,2014,2010s
520,Sweetest Thing,U2,176,1998,90s
521,Can't Fight This Feeling,REO Speedwagon,166,1984,80s
522,As Long as You Love Me,Backstreet Boys,110,1997,90s
523,"Please, Please, Please, Let Me Get What I Want",The Smiths,45,1984,80s
524,So Real,Jeff Buckley,84,1994,90s
525,Forrest Gump,Frank Ocean,94,2012,2010s
526,Yoü and I,Lady Gaga,250,2011,2010s
527,Countdown,Beyoncé,313,2011,2010s
528,Two of Us,The Beatles,120,1970,70s
529,My Heart Will Go On,Céline Dion,74,1997,90s
530,Change The World,Eric Clapton,92,1996,90s
531,Angel,Aerosmith,93,1987,80s
532,I Just Called to Say I Love You,Stevie Wonder,128,1984,80s
533,Faithfully,Journey,93,1983,80s
534,Un-Break My Heart,Toni Braxton,162,1996,90s
535,Bullet Proof...I Wish I Was,Radiohead,37,1995,90s
536,Take My Breath Away,Berlin,112,1986,80s
537,Hero,Mariah Carey,114,1993,90s
538,If You Could Only See,Tonic,137,1997,90s
539,If I Needed Someone,The Beatles,62,1965,60s
540,If I Fell,The Beatles,92,1964,60s
541,The Word,The Beatles,100,1965,60s
542,God's Plan,Drake,183,2018,2010s
543,I've Just Seen a Face,The Beatles,95,1965,60s
544,This Years Love,David Gray,127,1999,90s
545,Josie,blink-182,209,1998,90s
546,Jealous Guy,John Lennon,89,1971,70s
547,Into You,Ariana Grande,228,2016,2010s
548,Lean on Me,Bill Withers,133,1972,70s
549,What's Love Got to Do With It,Tina Turner,140,1984,80s
550,I Really Like You,Carly Rae Jepsen,246,2015,2010s
551,You Got Me,The Roots,366,1999,90s
553,You're Still the One,Shania Twain,157,1998,90s
554,Kiss Me,Ed Sheeran,148,2011,2010s
555,Addicted to You,Avicii,94,2013,2010s
556,You Are the Sunshine of My Life,Stevie Wonder,72,1972,70s
557,Mint Car,The Cure,108,1996,90s
558,I Just Can't Stop Loving You,Michael Jackson,186,1987,80s
559,Slow It Down,The Lumineers,104,2012,2010s
560,I Should Have Known Better,The Beatles,74,1964,60s
561,Thirty-Three,The Smashing Pumpkins,105,1995,90s
562,Talking to the Moon,Bruno Mars,105,2010,2010s
563,Love of My Life,Queen,67,1975,70s
564,Tenerife Sea,Ed Sheeran,114,2014,2010s
565,Right Here Waiting,Richard Marx,90,1989,80s
566,A Case of You,Joni Mitchell,130,1971,70s
567,She's Always a Woman,Billy Joel,100,1977,70s
568,Just The Way You Are,Billy Joel,94,1977,70s
569,All My Life,K-Ci & JoJo,117,1998,90s
570,I Believe I Can Fly,R. Kelly,156,1996,90s
571,Paper Bag,Fiona Apple,176,1999,90s
572,All I Want Is You,U2,66,1988,80s
573,The Warmth,Incubus,91,1999,90s
574,Stay,Rihanna,140,2013,2010s
575,Small Bump,Ed Sheeran,150,2012,2010s
576,Mess Is Mine,Vance Joy,102,2014,2010s
577,XO,Beyoncé,152,2013,2010s
578,Without You,Mariah Carey,106,1993,90s
579,My Sweet Prince,Placebo,99,1998,90s
580,Last Night I Dreamt That Somebody Loved Me,The Smiths,40,1987,80s
581,I Need You,The Beatles,76,1965,60s
582,Stripped,Depeche Mode,95,1986,80s
583,Your Love,Nicki Minaj,295,2010,2010s
584,It's Only Love,The Beatles,40,1965,60s
585,Mine,Taylor Swift,201,2010,2010s
586,This Must Be the Place (Naive Melody),Talking Heads,110,1983,80s
587,When You're Gone,The Cranberries,87,1996,90s
588,Love Never Felt So Good,Michael Jackson,197,2014,2010s
589,Unconditionally,Katy Perry,94,2013,2010s
590,Love Is a Laserquest,Arctic Monkeys,95,2011,2010s
591,Firestone,Kygo,123,2014,2010s
592,Nothin' on You (feat. Bruno Mars),B.o.B,346,2010,2010s
593,It Will Rain,Bruno Mars,160,2011,2010s
594,All Out of Love,Air Supply,153,1980,80s
595,Neon,John Mayer,121,1999,90s
596,I Belong to You,Lenny Kravitz,84,1998,90s
597,When You Say Nothing at All,Ronan Keating,129,1999,90s
598,Maybe I'm Amazed,Paul McCartney,111,1970,70s
599,Lost In The World,Kanye West,250,2010,2010s
600,For You Blue,The Beatles,66,1970,70s
601,The Morning,The Weeknd,305,2011,2010s
602,Baby Can I Hold You,Tracy Chapman,70,1988,80s
603,Perfect,Ed Sheeran,135,2017,2010s
604,Ladies and Gentlemen We Are Floating in Space,Spiritualized,79,1997,90s
605,Home,Phillip Phillips,88,2012,2010s
606,"Perhaps, Perhaps, Perhaps",Cake,68,1996,90s
607,You'll Be In My Heart,Phil Collins,108,1999,90s
608,After Hours,The Velvet Underground,104,1969,60s
609,Next to Me,Emeli Sandé,155,2012,2010s
610,Stop Me If You Think You've Heard This One Before,The Smiths,118,1987,80s
611,Passionfruit,Drake,130,2017,2010s
612,That's the Way Love Goes,Janet Jackson,319,1993,90s
613,I'll Be There,The Jackson 5,111,1970,70s
614,What's My Name?,Rihanna,370,2010,2010s
615,The Writer,Ellie Goulding,161,2010,2010s
616,Shine,Benjamin Francis Leftwich,121,2011,2010s
617,No Ordinary Love,Sade,123,1992,90s
618,I Knew You Were Trouble,Taylor Swift,195,2012,2010s
619,Hey Now,London Grammar,45,2013,2010s
620,Across the Sea,Weezer,152,1996,90s
621,I'll Be Back,The Beatles,82,1964,60s
622,Crazy Love,Van Morrison,132,1970,70s
623,Often,The Weeknd,320,2014,2010s
624,Sacrifice,Elton John,101,1989,80s
625,She's the One,Robbie Williams,92,1999,90s
626,"New Person, Same Old Mistakes",Tame Impala,206,2015,2010s
627,Yes I'm Changing,Tame Impala,113,2015,2010s
628,Hounds of Love,Kate Bush,128,1986,80s
629,Mountain At My Gates,Foals,151,2015,2010s
630,Please Forgive Me,David Gray,98,1998,90s
631,Soul Love,David Bowie,94,1972,70s
632,I'm Happy Just to Dance with You,The Beatles,99,1964,60s
633,Cigarette Daydreams,Cage the Elephant,125,2013,2010s
634,Body Electric,Lana Del Rey,195,2012,2010s
635,Songbird,Fleetwood Mac,50,1977,70s
636,Higher Love,James Vincent McMorrow,133,2011,2010s
637,Renegades,X Ambassadors,184,2015,2010s
638,Dead Sea,The Lumineers,174,2012,2010s
639,Stars,Simply Red,123,1991,90s
640,I'll Make Love to You,Boyz II Men,179,1994,90s
641,Cupid De Locke,The Smashing Pumpkins,78,1995,90s
642,Amazed,Lonestar,120,1999,90s
643,Falling for You,Weezer,162,1996,90s
644,Champagne From a Paper Cup,Death Cab for Cutie,50,1997,90s
645,If You Leave Me Now,Chicago,92,1976,70s
646,Only Love Can Break Your Heart,Neil Young,85,1970,70s
647,Futile Devices,Sufjan Stevens,56,2010,2010s
648,Everything You Want,Vertical Horizon,150,1999,90s
649,Ex-Factor,Lauryn Hill,281,1998,90s
650,Love,The Smashing Pumpkins,110,1995,90s
651,Violently Happy,Björk,86,1993,90s
652,Into My Arms,Nick Cave & The Bad Seeds,83,1997,90s
653,"You're the First, the Last, My Everything",Barry White,136,1974,70s
654,Not Like the Movies,Katy Perry,123,2010,2010s
655,Hungry Eyes,Eric Carmen,100,1987,80s
656,This Love (Will Be Your Downfall),Ellie Goulding,93,2010,2010s
657,I Have Nothing,Whitney Houston,127,1992,90s
658,SING,My Chemical Romance,195,2010,2010s
659,Foolish Games,Jewel,125,1997,90s
660,Sail Away,David Gray,96,1998,90s
661,My Love Is Your Love,Whitney Houston,284,1999,90s
662,Mean,Taylor Swift,186,2010,2010s
663,Lay Me Down,Sam Smith,93,2014,2010s
664,I Hope That I Don't Fall in Love With You,Tom Waits,118,1973,70s
665,"Earned It (Fifty Shades Of Grey) - From The ""Fifty Shades Of Grey"" Soundtrack",The Weeknd,417,2015,2010s
666,Love Is All,The Tallest Man on Earth,125,2010,2010s
667,Walk Away,Ben Harper,109,1994,90s
668,P.S. I Love You,The Beatles,67,1962,60s
669,Come to Me,Björk,49,1993,90s
670,Back to December,Taylor Swift,213,2010,2010s
671,Do You Want to Know a Secret,The Beatles,91,1963,60s
672,Pitseleh,Elliott Smith,61,1998,90s
673,Luna,The Smashing Pumpkins,74,1993,90s
674,Stand by Me,John Lennon,46,1975,70s
675,The Lady in Red,Chris de Burgh,116,1986,80s
676,One Thing,One Direction,159,2011,2010s
677,2 Become 1,Spice Girls,196,1996,90s
678,Till There Was You,The Beatles,51,1963,60s
679,Please Forgive Me,Bryan Adams,210,1993,90s
680,Half of My Heart,John Mayer,188,2010,2010s
681,Mistletoe,Justin Bieber,146,2011,2010s
682,Every Night,Imagine Dragons,189,2012,2010s
683,Secret Smile,Semisonic,62,1988,80s
684,End of the Road,Boyz II Men,332,1992,90s
685,Turn,Travis,106,1999,90s
686,Song for Zula,Phosphorescent,135,2013,2010s
687,A Letter To Elise,The Cure,156,1992,90s
688,My Cherie Amour,Stevie Wonder,101,1969,60s
689,Gold Soundz,Pavement,99,1994,90s
690,Call Out My Name,The Weeknd,155,2018,2010s
691,Apartment,Young the Giant,82,2012,2010s
692,Baby It's You,The Beatles,177,1963,60s
693,Back to You,John Mayer,67,1999,90s
694,The Fragile,Nine Inch Nails,96,1999,90s
695,Criminal,Britney Spears,176,2011,2010s
696,Like Someone in Love,Björk,65,1993,90s
697,Your Love Is King,Sade,135,1984,80s
698,Little Things,One Direction,143,2012,2010s
699,I'm Your Man,Leonard Cohen,121,1988,80s
700,Cupid,Sam Cooke,100,1961,60s
701,Red,Taylor Swift,166,2012,2010s
702,Oblivion,Bastille,58,2014,2010s
703,The Power of Love,Frankie Goes to Hollywood,146,1984,80s
704,Forever,Ben Harper,79,1994,90s
705,I Just Don't Think I'll Ever Get Over You,Colin Hay,93,1998,90s
706,See You Soon,Coldplay,68,1999,90s
707,Adore You,Miley Cyrus,90,2013,2010s
708,One More Night,Phil Collins,162,1985,80s
709,Killing Me Softly With His Song,Roberta Flack,185,1973,70s
710,Anna (Go to Him),The Beatles,81,1963,60s
711,Energy,Drake,287,2015,2010s
712,The Shrine / An Argument,Fleet Foxes,138,2011,2010s
713,It Won't Be Long,The Beatles,100,1963,60s
714,The Lady in My Life,Michael Jackson,242,1982,80s
715,Show Me the Meaning of Being Lonely,Backstreet Boys,126,1999,90s
716,Big Girls Cry,Sia,153,2014,2010s
717,Falling,Florence + the Machine,100,2011,2010s
718,A Taste of Honey,The Beatles,55,1963,60s
719,Atlas Hands,Benjamin Francis Leftwich,84,2011,2010s
720,"Lights Out, Words Gone",Bombay Bicycle Club,142,2012,2010s
721,In the Name of Love,Martin Garrix,161,2016,2010s
722,Bel Air,Lana Del Rey,130,2012,2010s
723,Love Is All Around,Wet Wet Wet,110,1994,90s
724,Live While We're Young,One Direction,264,2012,2010s
725,Hungover,Ke$ha,143,2010,2010s
726,Breathe,Faith Hill,118,1999,90s
727,Wings,Birdy,108,2013,2010s
728,The Longest Time,Billy Joel,147,1983,80s
729,Shadowboxer,Fiona Apple,116,1996,90s
730,Like I Can,Sam Smith,119,2014,2010s
731,Kiss You,One Direction,185,2012,2010s
732,Wish You Were Here,Avril Lavigne,151,2011,2010s
733,Why,Annie Lennox,122,1992,90s
734,Same Old Love,Selena Gomez,232,2015,2010s
735,Sweetest Kill,Broken Social Scene,106,1991,90s
736,The Heart Wants What It Wants,Selena Gomez,202,2014,2010s
737,You Really Got a Hold on Me,The Beatles,84,1963,60s
738,Purple Rain,Prince & The Revolution,125,1984,80s
739,If Not for You,Bob Dylan,62,1970,70s
740,King of Anything,Sara Bareilles,180,2010,2010s
741,Parachute,Cheryl Cole,170,2010,2010s
742,Born to Make You Happy,Britney Spears,190,1999,90s
743,You Were Meant For Me,Jewel,155,1996,90s
744,At My Most Beautiful,R.E.M.,67,1998,90s
745,Ain't Nobody (Loves Me Better),Felix Jaehn,174,2015,2010s
746,Coffee,Sylvan Esso,147,2014,2010s
747,Sorry Seems to Be the Hardest Word,Elton John,71,1976,70s
748,Wildest Moments,Jessie Ware,135,2012,2010s
749,I Knew I Loved You,Savage Garden,90,1999,90s
750,Overgrown,James Blake,102,2013,2010s
751,Love,John Lennon,36,1970,70s
752,Home Again,Michael Kiwanuka,112,2011,2010s
753,Hold Me Tight,The Beatles,91,1963,60s
755,Goodbye Kiss,Kasabian,138,2012,2010s
756,One,Ed Sheeran,133,2014,2010s
757,Wake Me Up,Ed Sheeran,178,2011,2010s
758,Aeroplane,Björk,54,1993,90s
759,In Your Eyes,Peter Gabriel,212,1986,80s
760,Figure 8,Ellie Goulding,85,2012,2010s
761,I'll Be,Edwin McCain,136,1997,90s
762,Medicine,Daughter,41,2011,2010s
763,Trying to Be Cool,Phoenix,97,2013,2010s
764,When I Look at You,Miley Cyrus,100,2010,2010s
765,All I've Got to Do,The Beatles,60,1963,60s
766,Kill Your Heroes,Awolnation,138,2012,2010s
767,Who Says,Selena Gomez & the Scene,247,2011,2010s
768,Love Somebody,Maroon 5,175,2013,2010s
769,Over My Dead Body,Drake,326,2011,2010s
770,My All,Mariah Carey,102,1997,90s
771,Me vs. Maradona vs. Elvis,Brand New,149,2013,2010s
772,Without You,Harry Nilsson,84,1971,70s
773,Because You Loved Me,Céline Dion,152,1996,90s
774,Marry Me,Train,98,2010,2010s
775,Kill V. Maim,Grimes,176,2015,2010s
776,Crazy for You,Madonna,122,1985,80s
777,I Melt with You,Modern English,179,1982,80s
778,Sure Thing,Miguel,244,2010,2010s
779,You And Your Heart,Jack Johnson,94,2010,2010s
780,A Spoonful Weighs a Ton,The Flaming Lips,41,1999,90s
781,Un-Thinkable (I'm Ready),Alicia Keys,171,2010,2010s
782,Beautiful,The Smashing Pumpkins,97,1995,90s
783,Smile,Avril Lavigne,152,2011,2010s
784,Can't Take My Eyes Off of You,Lauryn Hill,180,1998,90s
785,Give in to Me,Michael Jackson,154,1991,90s
786,Miss You Love,Silverchair,119,1999,90s
787,Talk Dirty (feat. 2 Chainz),Jason Derülo,251,2013,2010s
788,I'm Waiting for the Day,The Beach Boys,98,1966,60s
789,Every Little Thing,The Beatles,67,1964,60s
790,Saving All My Love for You,Whitney Houston,112,1985,80s
791,"Say You, Say Me",Lionel Richie,101,1985,80s
792,Vincent,Don McLean,158,1971,70s
793,Not Over You,Gavin DeGraw,134,2011,2010s
794,Greatest Love of All,Whitney Houston,142,1986,80s
795,Waltz #1,Elliott Smith,36,1998,90s
796,"Archie, Marry Me",Alvvays,83,2014,2010s
797,Gorilla,Bruno Mars,227,2013,2010s
798,Controlla,Drake,233,2016,2010s
799,Cool Girl,Tove Lo,208,2016,2010s
800,Fair,Remy Zero,99,1998,90s
801,Somebody to Love,Justin Bieber,218,2010,2010s
802,Me and My Broken Heart,Rixton,209,2014,2010s
803,In Your Light,Gotye,152,2011,2010s
804,Chateau Lobby #4 (in C for Two Virgins),Father John Misty,114,2015,2010s
805,There She Goes,Sixpence None the Richer,61,1999,90s
806,April 8th,Neutral Milk Hotel,56,1996,90s
807,Flapper Girl,The Lumineers,132,2012,2010s
808,The Sound,The 1975,202,2016,2010s
809,Stickshifts And Safetybelts,Cake,58,1996,90s
810,Real Love,Mary J. Blige,244,1992,90s
811,Wild Is the Wind,David Bowie,88,1976,70s
812,Sextape,Deftones,82,2010,2010s
813,#1 Crush,Garbage,92,1996,90s
814,Why Am I the One,fun.,207,2012,2010s
815,The Book of Love,The Magnetic Fields,61,1999,90s
816,No Name No. 5,Elliott Smith,54,1997,90s
817,Will You Be There,Michael Jackson,155,1991,90s
818,Save Me,Aimee Mann,98,1999,90s
819,The Air That I Breathe,The Hollies,97,1972,70s
820,Now,Paramore,190,2013,2010s
821,Jesus to a Child,George Michael,132,1996,90s
822,Spending My Time,Roxette,151,1991,90s
823,When We Dance,Sting,133,1994,90s
824,You Look So Fine,Garbage,119,1999,90s
825,Always on My Mind,Willie Nelson,67,1982,80s
826,May This Be Love,Jimi Hendrix,41,1967,60s
827,Kiss It Better,Rihanna,263,2016,2010s
828,Shots,Imagine Dragons,239,2015,2010s
829,If You Don't Know Me by Now,Simply Red,103,1989,80s
830,To Sheila,The Smashing Pumpkins,101,1998,90s
831,#41,Dave Matthews Band,87,1996,90s
832,Losing You,Solange,132,2012,2010s
833,Lovin' You,Minnie Riperton,154,1975,70s
834,Father Figure,George Michael,136,1987,80s
835,Legend,Drake,217,2015,2010s
836,I Don't Want Love,The Antlers,45,2011,2010s
837,Love Like Crazy,Lee Brice,143,2010,2010s
838,Somebody To Love - Remastered 2011,Queen,254,2018,2010s
839,Girl,Jamie xx,176,2014,2010s
840,Dance Me to the End of Love,Leonard Cohen,108,1984,80s
841,Dancing with Tears in My Eyes,Ke$ha,145,2010,2010s
842,Woman in Love,Barbra Streisand,93,1980,80s
843,One in a Million,Aaliyah,202,1996,90s
844,Save Me,Gotye,61,2012,2010s
845,Black Flies,Ben Howard,95,2011,2010s
846,Not a Bad Thing,Justin Timberlake,225,2013,2010s
847,Beneath Your Beautiful,Labrinth,181,2012,2010s
848,The Rip Tide,Beirut,47,2011,2010s
849,Swagger Jagger,Cher Lloyd,185,2011,2010s
850,Lily (My One And Only),The Smashing Pumpkins,75,1995,90s
851,Stephen,Ke$ha,163,2010,2010s
852,Say Something Loving,The xx,169,2017,2010s
853,Here Today,The Beach Boys,109,1966,60s
854,Here with Me,The Killers,115,2012,2010s
855,Shelter,Birdy,69,2011,2010s
856,(They Long to Be) Close to You,Carpenters,96,1970,70s
857,(Just Like) Starting Over,John Lennon,149,1980,80s
858,Enchanted,Taylor Swift,184,2010,2010s
859,Let Me Love You (Until You Learn to Love Yourself),Ne-Yo,211,2012,2010s
860,I Was Here,Beyoncé,109,2011,2010s
861,Desire,Years & Years,113,2014,2010s
862,Kiss Of Life,Sade,133,1992,90s
863,She's Like the Wind,Patrick Swayze,125,1987,80s
864,Va Va Voom,Nicki Minaj,284,2012,2010s
865,Night Changes,One Direction,157,2014,2010s
866,All Too Well,Taylor Swift,203,2012,2010s
867,I Miss You,Beyoncé,96,2011,2010s
868,Here's to Never Growing Up,Avril Lavigne,290,2013,2010s
869,Speak Now,Taylor Swift,195,2010,2010s
870,Highway Unicorn (Road to Love),Lady Gaga,187,2011,2010s
871,I Remember,Yeasayer,72,2010,2010s
872,Gypsy,Shakira,153,2010,2010s
873,Secret Garden,Bruce Springsteen,83,1995,90s
874,Reborn,Kids See Ghosts,371,2018,2010s
875,The Messenger,Linkin Park,60,2010,2010s
876,Realiti,Grimes,186,2015,2010s
877,I Got You,Jack Johnson,92,2013,2010s
878,This Is Love,will.i.am,218,2012,2010s
879,Cherish,Madonna,260,1989,80s
880,Loft Music,The Weeknd,248,2011,2010s
881,You & Me (feat. Eliza Doolittle),Disclosure,139,2013,2010s
882,Sweet Lady,Tyrese,247,1998,90s
883,"Gone, Gone, Gone",Phillip Phillips,201,2013,2010s
884,Brand New Day,Sting,326,1999,90s
885,Mandy,Barry Manilow,124,1974,70s
886,Nobody Does It Better,Carly Simon,76,1977,70s
887,10 Bands,Drake,275,2015,2010s
888,Join Me,Him,114,1999,90s
889,Bad Wings,The Glitch Mob,1,2010,2010s
890,Forget Her,Jeff Buckley,113,1994,90s
891,I Care,Beyoncé,125,2012,2010s
892,Supersymmetry,Arcade Fire,74,2013,2010s
893,Just a Kiss,Lady Antebellum,141,2011,2010s
894,Blue Beard,Band of Horses,78,2010,2010s
895,I Just Want to Make Love to You,Etta James,101,1960,60s
896,The First Taste,Fiona Apple,105,1996,90s
897,Generator ^ First Floor,Freelance Whales,37,2010,2010s
898,...Ready For It?,Taylor Swift,207,2017,2010s
899,Lady of the Flowers,Placebo,65,1996,90s
900,Buckets of Rain,Bob Dylan,80,1975,70s
901,I Never Told You,Colbie Caillat,112,2010,2010s
902,Your Bruise,Death Cab for Cutie,45,1998,90s
903,I Swear,All-4-One,142,1994,90s
904,Crush,Dave Matthews Band,132,1998,90s
905,The First Cut Is The Deepest,Cat Stevens,133,1967,60s
906,Drunk on Love,Rihanna,150,2011,2010s
907,Sweet Love,Anita Baker,164,1986,80s
908,I Follow You,Melody's Echo Chamber,70,2012,2010s
909,It's All Coming Back to Me Now,Céline Dion,229,1996,90s
910,I Walked,Sufjan Stevens,128,2010,2010s
911,Nothing's Gonna Hurt You Baby,Cigarettes After Sex,74,2012,2010s
912,Lover,Taylor Swift,114,2019,2010s
913,Swish Swish,Katy Perry,271,2017,2010s
914,After the Moment,Craft Spells,78,2011,2010s
915,Motorcycle Drive By,Third Eye Blind,176,1997,90s
916,Hold Up,Beyoncé,281,2016,2010s
917,Winter,Daughter,99,2013,2010s
918,In My Blood,Shawn Mendes,131,2018,2010s
919,You're the Inspiration,Chicago,106,1984,80s
920,Ink,Coldplay,78,2014,2010s
921,In These Arms,Bon Jovi,178,1992,90s
922,The Biggest Lie,Elliott Smith,56,1995,90s
923,Sweet Jane,Cowboy Junkies,92,1988,80s
924,Let Her Cry,Hootie & The Blowfish,186,1994,90s
925,Company,Justin Bieber,125,2016,2010s
926,Prototype,OutKast,252,2018,2010s
927,You and Me,The Cranberries,81,1999,90s
928,Technicolour Beat,Oh Wonder,179,2015,2010s
929,Mind Games,John Lennon,110,1973,70s
930,Right Action,Franz Ferdinand,82,2013,2010s
931,Everything Has Changed,Taylor Swift,258,2012,2010s
932,After the Love Has Gone,"Earth, Wind & Fire",179,1979,70s
933,My Wandering Days Are Over,Belle and Sebastian,173,1996,90s
934,I Belong in Your Arms,Chairlift,99,2012,2010s
935,Sirens,Pearl Jam,143,2013,2010s
936,I'd Do Anything for Love (But I Won't Do That),Meat Loaf,386,1993,90s
937,Stuck on You,Lionel Richie,101,1984,80s
938,Only the Young,Brandon Flowers,131,2010,2010s
939,I Can't Make You Love Me,Bonnie Raitt,76,1991,90s
940,Somebody,Depeche Mode,96,1984,80s
941,I Don't Want to Get Over You,The Magnetic Fields,77,1999,90s
942,This Will Be Our Year,The Zombies,82,1968,60s
943,Birthday,The Sugarcubes,73,1987,80s
944,I Think I'm in Love,Spiritualized,153,1997,90s
945,To the Moon & Back,Savage Garden,166,1996,90s
946,Heart of Stone,The Rolling Stones,121,1964,60s
947,Impossible,Shontelle,164,2010,2010s
948,Daphne Descends,The Smashing Pumpkins,85,1998,90s
949,Love Ridden,Fiona Apple,78,1999,90s
950,All My Little Words,The Magnetic Fields,95,1999,90s
951,Loud Places (feat. Romy),Jamie xx,103,2015,2010s
952,From Time,Drake,346,2013,2010s
953,Love Is Blindness,U2,82,1991,90s
954,Cherokee,Cat Power,115,2012,2010s
955,Punchdrunk Lovesick Singalong,Radiohead,53,1994,90s
956,Ne me quitte pas,Jacques Brel,291,1972,70s
957,For You,Angus & Julia Stone,98,2010,2010s
958,Beautiful Freak,Eels,71,1996,90s
959,A Sunday Kind of Love,Etta James,113,1960,60s
960,Songbird,Eva Cassidy,48,1997,90s
961,Everybody Here Wants You,Jeff Buckley,135,1998,90s
962,Sweet Surrender,Sarah McLachlan,75,1998,90s
963,Who You Love,John Mayer,130,2013,2010s
964,A Year Without Rain,Selena Gomez & the Scene,181,2010,2010s
965,Glory of Love,Peter Cetera,111,1986,80s
966,Fire Meet Gasoline,Sia,237,2014,2010s
967,She'll Come Back To Me,Cake,58,1996,90s
968,Love Is Strong,The Rolling Stones,120,1994,90s
969,Let My Baby Stay,Mac DeMarco,76,2014,2010s
970,To Binge (Feat. Little Dragon),Gorillaz,117,2010,2010s
971,Dear Future Husband,Meghan Trainor,205,2014,2010s
972,Drawn to the Blood,Sufjan Stevens,43,2015,2010s
973,Absolute Beginners,David Bowie,98,1986,80s
974,Vision of Love,Mariah Carey,82,1990,90s
975,Begin Again,Taylor Swift,156,2012,2010s
976,I Know,Fiona Apple,83,1999,90s
977,Green Aisles,Real Estate,78,2011,2010s
978,Lozenge Of Love,Radiohead,24,1994,90s
979,Halcyon,Ellie Goulding,138,2012,2010s
980,Coming Up Roses,Elliott Smith,72,1995,90s
981,I Know You Care,Ellie Goulding,114,2012,2010s
982,I Won't Let You Go,James Morrison,129,2011,2010s
983,Jasmine (Demo),Jai Paul,121,2012,2010s
984,You're Gonna Make Me Lonesome When You Go,Bob Dylan,146,1975,70s
985,What Becomes Of The Brokenhearted,Jimmy Ruffin,124,1966,60s
986,Summer Romance (Anti-Gravity Love Song),Incubus,91,1997,90s
987,She,Elvis Costello,99,1999,90s
988,Lost On You,LP,127,2015,2010s
989,This Year's Love,David Gray,127,1999,90s
990,Say You Love Me,Jessie Ware,127,2014,2010s
992,Me and Mrs. Jones,Billy Paul,146,1972,70s
993,Hanging On,Active Child,47,2011,2010s
994,Let Love Rule,Lenny Kravitz,116,1989,80s
995,Save Me,Nicki Minaj,125,2010,2010s
996,Rhythm of Love,Plain White T's,158,2010,2010s
997,All by Myself,Eric Carmen,60,1975,70s
998,Five String Serenade,Mazzy Star,19,1993,90s
999,To Your Love,Fiona Apple,111,1999,90s
1000,Shine,Years & Years,187,2015,2010s
1001,All I Have to Give,Backstreet Boys,174,1998,90s
1002,Pity Party,Melanie Martinez,224,2015,2010s
1003,Honestly?,American Football,34,1999,90s
1004,Are You Gonna Kiss Me or Not,Thompson Square,138,2010,2010s
1005,Is It Wicked Not to Care?,Belle and Sebastian,95,1998,90s
1006,Caught a Long Wind,Feist,75,2011,2010s
1007,Tee Shirt,Birdy,70,2014,2010s
1008,The Only Hope for Me Is You,My Chemical Romance,130,2010,2010s
1009,Come Together,Spiritualized,76,1998,90s
1010,Possession,Sarah McLachlan,122,1993,90s
1011,The Way I Feel Inside,The Zombies,59,1965,60s
1012,Bright,Echosmith,141,2015,2010s
1013,No Regrets,Robbie Williams,155,1998,90s
1014,Fall at Your Feet,Crowded House,83,1991,90s
1015,Where I Wanna Be,Donell Jones,174,1999,90s
1016,yeah right,Joji,153,2018,2010s
1017,Check Yes Or No,George Strait,123,1995,90s
1018,Dirty Dream Number Two,Belle and Sebastian,108,1998,90s
1019,Queen of California,John Mayer,80,2012,2010s
1020,No Woman,Whitney,62,2016,2010s
1021,The Power Of Love,Céline Dion,119,1993,90s
1022,Never Say Goodbye,Bon Jovi,150,1987,80s
1024,Oh My Love,John Lennon,62,1971,70s
1025,I Found A Reason,The Velvet Underground,140,1970,70s
1026,One Sweet Day,Mariah Carey,181,1995,90s
1027,#9 Dream,John Lennon,141,1974,70s
1028,Weak,SWV,222,1993,90s
1029,Get Gone,Fiona Apple,157,1999,90s
1030,Here Comes My Baby,Cat Stevens,109,1967,60s
1031,Fill Your Heart,David Bowie,99,1971,70s
1032,I Will Remember You,Sarah McLachlan,144,1995,90s
1033,I Will Always Love You,Dolly Parton,47,1973,70s
1034,Save The Best For Last,Vanessa Williams,105,1992,90s
1035,Love Is Stronger Than Pride,Sade,96,1988,80s
1036,Sad Songs And Waltzes,Cake,70,1996,90s
1037,I Won't Share You,The Smiths,89,1987,80s
1038,Turn Your Lights Down Low,Bob Marley & The Wailers,124,1977,70s
1039,The Look Of Love,Dusty Springfield,83,1967,60s
1040,Trouble,Metronomy,101,2011,2010s
1041,The Promise,When In Rome,127,1987,80s
1042,For Me This Is Heaven,Jimmy Eat World,77,1998,90s
1043,Girls/Girls/Boys,Panic! at the Disco,155,2013,2010s
1044,From This Moment On,Shania Twain,114,1998,90s
1045,Somethin' Stupid,Frank Sinatra,106,1967,60s
1046,I Know Places,Taylor Swift,153,2014,2010s
1047,You're a God,Vertical Horizon,103,1999,90s
1048,Jealous,Labrinth,143,2014,2010s
1049,On Bended Knee,Boyz II Men,243,1994,90s
1050,Gorgeous,Taylor Swift,205,2017,2010s
1051,Raining In Baltimore,Counting Crows,121,1993,90s
1052,Between Two Points (feat. Swan),The Glitch Mob,54,2010,2010s
1053,Arms,Christina Perri,143,2011,2010s
1054,Alice,Avril Lavigne,72,2010,2010s
1055,Nightmusic (feat. Majical Cloudz),Grimes,168,2012,2010s
1056,Suzy Lee,The White Stripes,63,1999,90s
1057,"For Emily, Whenever I May Find Her",Simon & Garfunkel,46,1966,60s
1058,Treat Her Better,Mac DeMarco,98,2014,2010s
1059,Own It,Drake,202,2013,2010s
1060,Be Still,The Killers,115,2012,2010s
1061,Just The Way You Are,Barry White,104,1978,70s
1062,Anytime,Brian McKnight,80,1997,90s
1063,We All Want Love,Rihanna,156,2012,2010s
1064,Candy,Robbie Williams,204,2012,2010s
1065,I'm in Here,Sia,96,2010,2010s
1066,Mama,Spice Girls,187,1997,90s
1067,How Do I Live,LeAnn Rimes,118,1997,90s
1068,Absolutely Cuckoo,The Magnetic Fields,116,1999,90s
1069,You & I,One Direction,127,2013,2010s
1070,Treacherous,Taylor Swift,126,2012,2010s
1071,Let It Down,George Harrison,74,1970,70s
1072,Always Remember Us This Way,Lady Gaga,138,2018,2010s
1073,Ours,Taylor Swift,149,2010,2010s
1074,Always Somewhere,Scorpions,75,1979,70s
1075,Superstar,Carpenters,79,1971,70s
1076,Kill for Love,Chromatics,78,2011,2010s
1077,This Woman's Work,Kate Bush,113,1988,80s
1078,One Moment in Time,Whitney Houston,74,1988,80s
1079,4th Dimension,Kids See Ghosts,223,2018,2010s
1080,Hours,FKA twigs,133,2014,2010s
1081,Your Eyes,Bombay Bicycle Club,115,2012,2010s
1082,Abracadabra,Jessie J,196,2011,2010s
1083,Satellite,Elliott Smith,37,1995,90s
1084,Heartbeat,The Fray,145,2011,2010s
1085,I Don't Believe in the Sun,The Magnetic Fields,68,1999,90s
1086,All Along,Kid Cudi,99,2010,2010s
1087,Have You Ever Really Loved a Woman?,Bryan Adams,165,1995,90s
1088,Hospital Beds,Florence + the Machine,86,2011,2010s
1089,A House Is Not a Motel,Love,76,1967,60s
1090,Let It Out,Ed Sheeran,163,2010,2010s
1091,My Oh My,David Gray,168,1998,90s
1092,Love Sosa,Chief Keef,380,2012,2010s
1093,Blue Ocean Floor,Justin Timberlake,174,2013,2010s
1094,Jealous,Beyoncé,179,2013,2010s
1095,I Think I Need A New Heart,The Magnetic Fields,96,1999,90s
1096,The Girl From Ipanema,Amy Winehouse,86,2011,2010s
1097,We Might Be Dead by Tomorrow,SoKo,80,2012,2010s
1098,True Affection,Father John Misty,75,2015,2010s
1099,Heaven Help,Lenny Kravitz,155,1993,90s
1100,The Luckiest Guy on the Lower East Side,The Magnetic Fields,123,1999,90s
1101,Sixteen,Iggy Pop,75,1977,70s
1102,The White Lady Loves You More,Elliott Smith,66,1995,90s
1103,Nothing Even Matters,Lauryn Hill,185,1998,90s
1104,Joy,Ellie Goulding,101,2012,2010s
1105,Let You Down,Dave Matthews Band,88,1996,90s
1106,Hard to Say I'm Sorry,Chicago,96,1983,80s
1107,Haunted,Taylor Swift,172,2010,2010s
1108,Breakthrough,Modest Mouse,118,1996,90s
1109,Saturday Night,Misfits,124,1999,90s
1110,You Wanted More,Tonic,78,1999,90s
