,Rank,Song Name,Artist,Album
0,1,Wonderwall,Oasis,(What's the Story) Morning Glory?
1,2,The Scientist,Coldplay,A Rush of Blood to the Head
2,3,Yellow,Coldplay,Parachutes
3,4,Fix You,Coldplay,X&Y
4,5,Chasing Cars,Snow Patrol,Eyes Open
5,6,Iris,Goo Goo Dolls,Dizzy Up the Girl
6,7,I'm Yours,Jason Mraz,I'm Yours
7,8,I Will Follow You Into The Dark,Death Cab for Cutie,Plans
8,9,How to Save a Life,The Fray,How to Save a Life
9,10,Love Will Tear Us Apart,Joy Division,Die Kalten Winde Des Winters
10,11,She Will Be Loved,Maroon 5,Songs About Jane
11,12,Such Great Heights,The Postal Service,Give Up
12,13,Skinny Love,Bon Iver,"For Emma, Forever Ago"
13,14,Fake Plastic Trees,Radiohead,The Bends
14,15,Friday I'm in Love,The Cure,Greatest Hits
15,16,Somewhere Only We Know,Keane,Hopes and Fears
16,17,This Love,Maroon 5,Songs About Jane
17,18,Best I Ever Had,Drake,So Far Gone
18,19,I MISS YOU,blink-182,
19,20,Here Without You,3 Doors Down,Away from the Sun
20,21,Someone Like You,Adele,21
21,22,Don't Speak,No Doubt,The Singles 1992-2003
22,23,Just Like Heaven,The Cure,Greatest Hits
23,24,Halo,Beyoncé,I Am... Sasha Fierce
24,25,With or Without You,U2,The Joshua Tree
25,26,The Reason,Hoobastank,Is This The Day?
26,27,Hey There Delilah,Plain White T's,All That We Needed
27,28,All I Need,Radiohead,In Rainbows
28,29,Heartbeats,José González,Heartbeats
29,30,Better Together,Jack Johnson,In Between Dreams
30,31,My Immortal,Evanescence,Fallen
31,32,You've Got the Love,Florence + the Machine,Lungs
32,33,Maps,Yeah Yeah Yeahs,Fever To Tell
33,34,Hallelujah,Jeff Buckley,Grace
34,35,Set Fire to the Rain,Adele,21
35,36,House of Cards,Radiohead,In Rainbows
36,37,I Don't Want to Miss a Thing,Aerosmith,Armageddon
37,38,You're Beautiful,James Blunt,Back to Bedlam
38,39,Bleeding Love,Leona Lewis,Spirit
39,40,One,U2,Achtung Baby
40,41,Home,Edward Sharpe & The Magnetic Zeros,
41,42,All You Need Is Love,The Beatles,Magical Mystery Tour
42,43,Digital Love,Daft Punk,Discovery
43,44,Ho Hey,The Lumineers,The Lumineers
44,45,Lovesong,The Cure,Disintegration
45,46,Chasing Pavements,Adele,19
46,47,Something,The Beatles,Abbey Road
47,48,There Is a Light That Never Goes Out,The Smiths,The Queen Is Dead
48,49,Banana Pancakes,Jack Johnson,In Between Dreams
49,50,Something About Us,Daft Punk,Discovery
50,51,We Found Love (feat. Calvin Harris),Rihanna,Talk That Talk
51,52,Love Is a Losing Game,Amy Winehouse,Back to Black
52,53,Green Eyes,Coldplay,A Rush of Blood to the Head
53,54,Linger,The Cranberries,"Everybody Else Is Doing It, So Why Can't We?"
54,55,Breathe Me,Sia,Colour the Small One
55,56,Love Lockdown,Kanye West,808s & Heartbreak
56,57,Fidelity,Regina Spektor,Begin to Hope
57,58,"Hey, Soul Sister",Train,"Save Me, San Francisco"
58,59,Run,Snow Patrol,Final Straw
59,60,Strawberry Swing,Coldplay,Viva la Vida or Death and All His Friends
60,61,Somebody to Love,Queen,Greatest Hits
61,62,Just the Way You Are,Bruno Mars,Doo-Wops & Hooligans
62,63,Heart Skipped a Beat,The xx,xx
63,64,First Day of My Life,Bright Eyes,First Day of My Life
64,65,Your Song,Elton John,Greatest Hits
65,66,Make You Feel My Love,Adele,19
66,67,Love Song,Sara Bareilles,Little Voice
67,68,Naked As We Came,Iron & Wine,
68,69,Warning Sign,Coldplay,A Rush of Blood to the Head
69,70,Open Your Eyes,Snow Patrol,Eyes Open
70,71,Sparks,Coldplay,Parachutes
71,72,Kiss Me,Sixpence None the Richer,Sixpence None the Richer
72,73,Let's Stay Together,Al Green,Let's Stay Together
73,74,Come Away with Me,Norah Jones,Come Away with Me
74,75,Lovefool,The Cardigans,Best Of
75,76,Cosmic Love,Florence + the Machine,Lungs
76,77,This Modern Love,Bloc Party,Silent Alarm
77,78,Love Me Do,The Beatles,Please Please Me
78,79,Wouldn't It Be Nice,The Beach Boys,Stack-O-Tracks
79,80,I Want to Hold Your Hand,The Beatles,1
80,81,Your Love Is My Drug,Ke$ha,Animal
81,82,Can't Buy Me Love,The Beatles,1
82,83,Unfaithful,Rihanna,A Girl Like Me
83,84,No One,Alicia Keys,As I Am
84,85,Samson,Regina Spektor,Begin to Hope
85,86,If I Were a Boy,Beyoncé,Knuffelrock 2012 - Jubileum-Editie
86,87,Cannonball,Damien Rice,O
87,88,Wherever You Will Go,The Calling,Camino Palmero
88,89,Thinkin Bout You,Frank Ocean,channel ORANGE
89,90,Love Story,Taylor Swift,Fearless
90,91,Where Is the Love,Black Eyed Peas,Elephunk
91,92,Bubbly,Colbie Caillat,Coco
92,93,Breakeven,The Script,The Script
93,94,Pictures of You,The Cure,Disintegration
94,95,A Message,Coldplay,X&Y
95,96,My Girl,The Temptations,The Ultimate Collection
96,97,Thank You,Dido,Greatest Hits
97,98,In the Aeroplane Over the Sea,Neutral Milk Hotel,In the Aeroplane Over the Sea
98,99,Let Me Love You,Mario,Turning Point
99,100,Stand By Me,Ben E. King,Stand by Me
100,101,Apologize,OneRepublic,Dreaming Out Loud
101,102,Far Away,Nickelback,All The Right Reasons
102,103,Lying Is the Most Fun a Girl Can Have Without Taking Her Clothes Off,Panic! at the Disco,A Fever You Can't Sweat Out
103,104,Such Great Heights,Iron & Wine,
104,105,A Rush of Blood to the Head,Coldplay,A Rush of Blood to the Head
105,106,Apologize,Timbaland,Apologize
106,107,Nothing Better,The Postal Service,Give Up
107,108,Your Body Is a Wonderland,John Mayer,Room for Squares
108,109,Wonderful Tonight,Eric Clapton,The Cream of Clapton
109,110,Goodbye My Lover,James Blunt,Back to Bedlam
110,111,Love The Way You Lie,Eminem,Recovery
111,112,Falling Away With You,Muse,Absolution
112,113,Marching Bands of Manhattan,Death Cab for Cutie,Plans
113,114,Re: Stacks,Bon Iver,"For Emma, Forever Ago"
114,115,You Found Me,The Fray,The Fray
115,116,The Only Exception,Paramore,Brand New Eyes
116,117,The Man Who Can't Be Moved,The Script,The Script
117,118,Replay,Iyaz,Replay
118,119,Crown of Love,Arcade Fire,Funeral
119,120,To Be Alone With You,Sufjan Stevens,Seven Swans
120,121,If I Ever Feel Better,Phoenix,United
121,122,With You,Chris Brown,Exclusive
122,123,Forever,Chris Brown,Exclusive: The Forever Edition
123,124,She Loves You,The Beatles,1
124,125,Young and Beautiful,Lana Del Rey,The Dome: Summer 2013
125,126,Meet Me Halfway,Black Eyed Peas,The E.N.D. (The Energy Never Dies)
126,127,A Thousand Miles,Vanessa Carlton,Be Not Nobody
127,128,Stop Crying Your Heart Out,Oasis,Heathen Chemistry
128,129,Swallowed in the Sea,Coldplay,X&Y
129,130,A Lack of Color,Death Cab for Cutie,Transatlanticism
130,131,Eight Days a Week,The Beatles,Beatles for Sale
131,132,Is This Love,Bob Marley & The Wailers,
132,133,Your Heart Is an Empty Room,Death Cab for Cutie,Plans
133,134,Off to the Races,Lana Del Rey,Born to Die - The Paradise Edition
134,135,God Only Knows,The Beach Boys,Summer Dreams
135,136,Jar of Hearts,Christina Perri,Jar of Hearts
136,137,9 Crimes,Damien Rice,9
137,138,Nothing Compares 2 U,Sinéad O'Connor,I Do Not Want What I Haven't Got
138,139,Wish You Were Here,Incubus,Monuments And Melodies
139,140,Blood Bank,Bon Iver,Blood Bank
140,141,The Blower's Daughter,Damien Rice,O
141,142,No One's Gonna Love You,Band of Horses,Acoustic At The Ryman
142,143,Ocean Avenue,Yellowcard,Ocean Avenue
143,144,Always,blink-182,blink-182
144,145,"Flightless Bird, American Mouth",Iron & Wine,
145,146,Bridge over Troubled Water,Simon & Garfunkel,
146,147,I Will Always Love You,Whitney Houston,The Bodyguard
147,148,Take a Bow,Rihanna,Take a Bow
148,149,You Belong with Me,Taylor Swift,Fearless
149,150,Need You Now,Lady Antebellum,Need You Now
150,151,Thinking Out Loud,Ed Sheeran,x
151,152,In My Life,The Beatles,Rubber Soul
152,153,Kiss from a Rose,Seal,Seal II
153,154,Transatlanticism,Death Cab for Cutie,Transatlanticism
154,155,Endlessly,Muse,Absolution
155,156,The Ghost of You,My Chemical Romance,Three Cheers for Sweet Revenge
156,157,My Love,Justin Timberlake,Greatest Hits
157,158,Clark Gable,The Postal Service,Give Up
158,159,You Could Be Happy,Snow Patrol,Eyes Open
159,160,Here with Me,Dido,No Angel
160,161,Someday You Will Be Loved,Death Cab for Cutie,Plans
161,162,Careless Whisper,George Michael,Ladies & Gentlemen: The Best of George Michael
162,163,Skinny Love,Birdy,Birdy
163,164,Everything Will Be Alright,The Killers,Hot Fuss
164,165,Knock You Down,Keri Hilson,Knock You Down
165,166,Brand New Colony,The Postal Service,Give Up
166,167,Lips Of An Angel,Hinder,Extreme Behavior
167,168,Romeo and Juliet,Dire Straits,Making Movies
168,169,You Give Me Something,James Morrison,Undiscovered
169,170,What Sarah Said,Death Cab for Cutie,Plans
170,171,I Don't Love You,My Chemical Romance,The Black Parade
171,172,All of Me,John Legend,Love in the Future
172,173,Creature Fear,Bon Iver,"For Emma, Forever Ago"
173,174,Do You Realize??,The Flaming Lips,Yoshimi Battles The Pink Robots
174,175,Dilemma,Nelly,6 Derrty Hits
175,176,Radio,Lana Del Rey,Born to Die - The Paradise Edition
176,177,Don't You Remember,Adele,21
177,178,We Will Become Silhouettes,The Postal Service,Give Up
178,179,Fields of Gold,Sting,Ten Summoner's Tales
179,180,Brothers on a Hotel Bed,Death Cab for Cutie,Plans
180,181,Dakota,Stereophonics,Language. Sex. Violence. Other?
181,182,Fade Into You,Mazzy Star,So Tonight That I Might See
182,183,Slow Dancing in a Burning Room,John Mayer,Continuum
183,184,When You're Gone,Avril Lavigne,The Softer Side
184,185,I'm Gonna Be (500 Miles),The Proclaimers,Finest
185,186,Unintended,Muse,Showbiz
186,187,Love Hurts,Incubus,Light Grenades
187,188,Set the Fire to the Third Bar,Snow Patrol,Up to Now
188,189,Pale Blue Eyes,The Velvet Underground,The Velvet Underground
189,190,If I Ain't Got You,Alicia Keys,The Diary of Alicia Keys
190,191,Jóga,Björk,Homogenic
191,192,Wicked Game,Chris Isaak,Wicked Game
192,193,But It's Better If You Do,Panic! at the Disco,A Fever You Can't Sweat Out
193,194,The One That Got Away,Katy Perry,Teenage Dream
194,195,Delicate,Damien Rice,O
195,196,Angels,Robbie Williams,Greatest Hits
196,197,Can't Help Falling in Love,Elvis Presley,Elvis 75
197,198,All the Right Moves,OneRepublic,Waking Up
198,199,You and Me,Lifehouse,Lifehouse
199,200,I'm with You,Avril Lavigne,Let Go
200,201,You're All I Have,Snow Patrol,Eyes Open
201,202,5 Years Time,Noah and the Whale,"Peaceful, The World Lays Me Down"
202,203,Do You Remember,Jack Johnson,In Between Dreams
203,204,One and Only,Adele,21
204,205,Still Loving You,Scorpions,Love at First Sting
205,206,Suspicious Minds,Elvis Presley,Elvis 75
206,207,Rehab,Rihanna,Good Girl Gone Bad
207,208,Michelle,The Beatles,Rubber Soul
208,209,Playground Love,Air,Playground Love
209,210,Wrecking Ball,Miley Cyrus,Wrecking Ball
210,211,Thinking of You,Katy Perry,One of the Boys
211,212,More Than Words,Extreme,Extreme II: Pornograffitti
212,213,Lovesong,Adele,21
213,214,"Holland, 1945",Neutral Milk Hotel,In the Aeroplane Over the Sea
214,215,When I Was Your Man,Bruno Mars,Unorthodox Jukebox
215,216,Look After You,The Fray,How to Save a Life
216,217,All My Loving,The Beatles,With The Beatles
217,218,Golden Slumbers,The Beatles,Abbey Road
218,219,Better in Time,Leona Lewis,Spirit
219,220,Last Goodbye,Jeff Buckley,Grace
220,221,Hanging by a Moment,Lifehouse,No Name Face
221,222,Thinking About You,Radiohead,Pablo Honey
222,223,Girl,The Beatles,Rubber Soul
223,224,Little Bit,Lykke Li,Youth Novels
224,225,At Last,Etta James,At Last
225,226,Won't Go Home Without You,Maroon 5,It Won't Be Soon Before Long
226,227,To Build a Home,The Cinematic Orchestra,Ma Fleur
227,228,Daydreamer,Adele,19
228,229,Lay Lady Lay,Bob Dylan,Nashville Skyline
229,230,Colorblind,Counting Crows,This Desert Life
230,231,And I Love Her,The Beatles,A Hard Day's Night
231,232,It's Oh So Quiet,Björk,Post
232,233,I Will Possess Your Heart,Death Cab for Cutie,Narrow Stairs
233,234,I'd Rather Dance With You,Kings of Convenience,Riot on an Empty Street
234,235,We Belong Together,Mariah Carey,The Emancipation of Mimi
235,236,Crash into Me,Dave Matthews Band,Crash
236,237,All Is Full of Love,Björk,Homogenic
237,238,We're Going to Be Friends,The White Stripes,White Blood Cells
238,239,Can't Help But Wait,Trey Songz,Trey Day
239,240,I Would Do Anything for You,Foster the People,Torches
240,241,Roulette,System of a Down,Steal This Album!
241,242,Volcano,Damien Rice,O
242,243,Us,Regina Spektor,Soviet Kitsch
243,244,When It Rains,Paramore,RIOT!
244,245,Bedshaped,Keane,Hopes and Fears
245,246,Purple Rain,Prince,The Very Best of Prince
246,247,Stickwitu,The Pussycat Dolls,PCD
247,248,Sea of Love,Cat Power,The Covers Record
248,249,Hear You Me,Jimmy Eat World,Bleed American
249,250,From Me to You,The Beatles,1
250,251,Love on Top,Beyoncé,4
251,252,Photograph,Ed Sheeran,x
252,253,I Want to Know What Love Is,Foreigner,The Very Best of Foreigner
253,254,Dig,Incubus,Look Alive
254,255,Accidentally in Love,Counting Crows,Accidentally In Love
255,256,Always,Bon Jovi,Cross Road
256,257,The Hills,The Weeknd,Beauty Behind the Madness
257,258,Shape Of My Heart,Sting,Ten Summoner's Tales
258,259,Treasure,Bruno Mars,Unorthodox Jukebox
259,260,Daughters,John Mayer,Heavier Things
260,261,Lua,Bright Eyes,Lua
261,262,Stubborn Love,The Lumineers,The Lumineers
262,263,Collide,Howie Day,Stop All The World Now
263,264,Shut Up and Dance,Walk the Moon,Talking Is Hard
264,265,Animal,Neon Trees,Habits
265,266,Heaven,Bryan Adams,So Far So Good
266,267,Te Amo,Rihanna,Rated R
267,268,I Want You,Bob Dylan,Blonde on Blonde
268,269,"Hold On, We're Going Home",Drake,Now That's What I Call Summer
269,270,Walking After You,Foo Fighters,The Colour and the Shape
270,271,Love Today,Mika,Life in Cartoon Motion
271,272,Look What You've Done,Jet,Look What You've Done
272,273,So Sorry,Feist,The Reminder
273,274,"Build God, Then We'll Talk",Panic! at the Disco,A Fever You Can't Sweat Out
274,275,Marry You,Bruno Mars,Doo-Wops & Hooligans
275,276,Angeles,Elliott Smith,Either/Or
276,277,We Might as Well Be Strangers,Keane,Hopes and Fears
277,278,Amber,311,From Chaos
278,279,The Sharpest Lives,My Chemical Romance,The Black Parade
279,280,Time to Dance,Panic! at the Disco,A Fever You Can't Sweat Out
280,281,High,James Blunt,Back to Bedlam
281,282,Glycerine,Bush,Sixteen Stone
282,283,Ride,Lana Del Rey,Born to Die - The Paradise Edition
283,284,I Won't Give Up,Jason Mraz,I Won't Give Up
284,285,"Jesus, Etc.",Wilco,Yankee Hotel Foxtrot
285,286,Lovely Rita,The Beatles,Sgt. Pepper's Lonely Hearts Club Band
286,287,Tiny Vessels,Death Cab for Cutie,Transatlanticism
287,288,No. 1 Party Anthem,Arctic Monkeys,AM
288,289,Feel,Robbie Williams,Escapology
289,290,Say Yes,Elliott Smith,Either/Or
290,291,Please Don't Leave Me,P!nk,Funhouse
291,292,Hotline Bling,Drake,Views
292,293,Truly Madly Deeply,Savage Garden,Savage Garden
293,294,Never Say Never,The Fray,The Fray
294,295,Home,Michael Bublé,It's Time
295,296,Love Me Again,John Newman,Love Me Again
296,297,Push,Matchbox Twenty,Yourself or Someone Like You
297,298,Without You,Lana Del Rey,Born to Die - The Paradise Edition
298,299,"Here, There and Everywhere",The Beatles,Revolver
299,300,I Miss You,Incubus,Make Yourself
300,301,Don't Matter,Akon,Konvicted
301,302,Like a Star,Corinne Bailey Rae,Corinne Bailey Rae
302,303,Hands Down,Dashboard Confessional,"A Mark, A Mission, A Brand, A Scar"
303,304,Never Tear Us Apart,INXS,Kick
304,305,Passenger Seat,Death Cab for Cutie,Transatlanticism
305,306,Head Over Feet,Alanis Morissette,Jagged Little Pill
306,307,Say Hello to the Angels,Interpol,Turn on the Bright Lights
307,308,Strangers in the Night,Frank Sinatra,Sinatra Reprise: The Very Good Years
308,309,Everytime,Britney Spears,In the Zone
309,310,Beach Baby,Bon Iver,Blood Bank
310,311,Unchained Melody,The Righteous Brothers,Unchained Melody
311,312,Digital Bath,Deftones,White Pony
312,313,How Deep Is Your Love,Bee Gees,Love Songs
313,314,Emergency,Paramore,All We Know Is Falling
314,315,Got to Get You Into My Life,The Beatles,Revolver
315,316,I Will,The Beatles,Anthology 3
316,317,Big Girls Don't Cry,Fergie,The Dutchess
317,318,Goodnight and Go,Imogen Heap,Speak for Yourself
318,319,Your Ex-Lover Is Dead,Stars,Set Yourself on Fire
319,320,Here (In Your Arms),Hellogoodbye,Zombies! Aliens! Vampires! Dinosaurs!
320,321,Say Goodbye,Chris Brown,Chris Brown
321,322,Last Request,Paolo Nutini,These Streets
322,323,We Are Broken,Paramore,RIOT!
323,324,Waiting In Vain,Bob Marley & The Wailers,
324,325,With Me,Sum 41,Underclass Hero
325,326,Angel,Sarah McLachlan,Surfacing
326,327,Make This Go on Forever,Snow Patrol,Eyes Open
327,328,Broken,Seether,Disclaimer
328,329,Killing Me Softly with His Song,Fugees,Greatest Hits
329,330,Sorry,Justin Bieber,Purpose (Deluxe)
330,331,Everything,Lifehouse,No Name Face
331,332,It Must Have Been Love,Roxette,Greatest Hits
332,333,Each Coming Night,Iron & Wine,
333,334,She Is,The Fray,How to Save a Life
334,335,You've Got to Hide Your Love Away,The Beatles,Help!
335,336,First Love,Adele,19
336,337,Pagan Poetry,Björk,Vespertine
337,338,Love Lost,The Temper Trap,Conditions
338,339,I'm Not in Love,10cc,The Very Best of 10cc
339,340,Best Thing I Never Had,Beyoncé,4
340,341,The Way I Am,Ingrid Michaelson,Girls and Boys
341,342,Julia,The Beatles,Anthology 3
342,343,Baby,Justin Bieber,My World 2.0
343,344,Only Love,Ben Howard,Every Kingdom
344,345,All I Want,Kodaline,The Kodaline EP
345,346,Hate That I Love You,Rihanna,Good Girl Gone Bad
346,347,The Heart of Life,John Mayer,Continuum
347,348,Black Balloon,Goo Goo Dolls,Dizzy Up the Girl
348,349,Flowers in Your Hair,The Lumineers,The Lumineers
349,350,Woman,John Lennon,Lennon Legend: The Very Best of John Lennon
350,351,Hello,Lionel Richie,Back to Front
351,352,U Got It Bad,Usher,8701
352,353,Burn,Usher,The Singles Collection
353,354,Anyone Else But You,The Moldy Peaches,The Moldy Peaches
354,355,Airplanes,Local Natives,Gorilla Manor
355,356,Because of You,Ne-Yo,100X Zomer 2010
356,357,Love You To,The Beatles,Revolver
357,358,Everything,Michael Bublé,Call Me Irresponsible
358,359,Listen to Your Heart,Roxette,Look Sharp!
359,360,My Body,Young the Giant,Young the Giant
360,361,Ordinary People,John Legend,Get Lifted
361,362,Happy Ending,Mika,Life in Cartoon Motion
362,363,Love Love Love,Of Monsters and Men,My Head Is an Animal
363,364,Wonderwall,Ryan Adams,Love Is Hell
364,365,Toothpaste Kisses,The Maccabees,Colour It In
365,366,Trouble,Ray LaMontagne,Trouble
366,367,Is This Love,Whitesnake,Greatest Hits
367,368,Your Song,Ellie Goulding,Bright Lights
368,369,Lilac Wine,Jeff Buckley,Grace
369,370,"Lover, You Should've Come Over",Jeff Buckley,Grace
370,371,Nicest Thing,Kate Nash,Made of Bricks
371,372,A Thousand Years,Christina Perri,A Thousand Years
372,373,Bruises,Chairlift,Does You Inspire You
373,374,Bed Of Roses,Bon Jovi,Cross Road
374,375,Can You Feel the Love Tonight,Elton John,Greatest Hits 1970-2002
375,376,Only in Dreams,Weezer,The Kitchen Tapes
376,377,Hallelujah,Rufus Wainwright,The Best of Rufus Wainwright
377,378,The One I Love,R.E.M.,Document
378,379,Without You I'm Nothing,Placebo,Without You I'm Nothing
379,380,Clumsy,Fergie,The Dutchess
380,381,Give Me Love,Ed Sheeran,+
381,382,Isn't She Lovely,Stevie Wonder,Stevie Wonder's Original Musiquarium I
382,383,The Limit to Your Love,Feist,The Reminder
383,384,Love Hurts,Nazareth,Hair of the Dog
384,385,Dreaming With a Broken Heart,John Mayer,Continuum
385,386,Only One,Yellowcard,Beyond Ocean Avenue: Live at the Electric Factory
386,387,Orange Sky,Alexi Murdoch,Time Without Consequence
387,388,Eternal Flame,The Bangles,Everything
388,389,"Nails for Breakfast, Tacks for Snacks",Panic! at the Disco,A Fever You Can't Sweat Out
389,390,Sleeping with Ghosts,Placebo,Sleeping with Ghosts
390,391,I'm Looking Through You,The Beatles,Yesterday & Today
391,392,Still into You,Paramore,Paramore
392,393,Lover's Spit,Broken Social Scene,You Forgot It In People
393,394,Talk Show Host,Radiohead,B-Sides
394,395,Leif Erikson,Interpol,Turn on the Bright Lights
395,396,Boston,Augustana,All The Stars and Boulevards
396,397,Don't Cry (original),Guns N' Roses,Don't Cry
397,398,You And I Both,Jason Mraz,Waiting for My Rocket to Come
398,399,La La Love You,Pixies,Doolittle
399,400,Crack the Shutters,Snow Patrol,A Hundred Million Suns
400,401,Gravity,Sara Bareilles,Little Voice
401,402,Almost Lover,A Fine Frenzy,One Cell in the Sea
402,403,Unravel,Björk,Homogenic
403,404,Possibly Maybe,Björk,Post
404,405,Haven't Met You Yet,Michael Bublé,Crazy Love
405,406,I Could Have Lied,Red Hot Chili Peppers,Blood Sugar Sex Magik
406,407,Love Street,The Doors,Waiting for the Sun
407,408,Must Get Out,Maroon 5,Songs About Jane
408,409,Slow Show,The National,Boxer
409,410,You Are Not Alone,Michael Jackson,Number Ones
410,411,Unwell,Matchbox Twenty,More Than You Think You Are
411,412,Pumpkin Soup,Kate Nash,Made of Bricks
412,413,4 in the Morning,Gwen Stefani,4 In The Morning
413,414,Whataya Want from Me,Adam Lambert,For Your Entertainment
414,415,Love Me Tender,Elvis Presley,ELV1S 30 #1 Hits
415,416,At the Bottom of Everything,Bright Eyes,Motion Sickness: Live Recordings
416,417,I'm Sticking With You,The Velvet Underground,VU
417,418,Disenchanted,My Chemical Romance,The Black Parade
418,419,The Girl,City and Colour,Bring Me Your Love
419,420,Littlest Things,Lily Allen,"Alright, Still"
420,421,Drunk in Love,Beyoncé,Beyoncé
421,422,Same Love (feat. Mary Lambert),Macklemore & Ryan Lewis,
422,423,(Everything I Do) I Do It for You,Bryan Adams,So Far So Good
423,424,Your Guardian Angel,The Red Jumpsuit Apparatus,Don't You Fake It
424,425,Keep Holding On,Avril Lavigne,Keep Holding On
425,426,True Love Way,Kings of Leon,Because of the Times
426,427,True Love Waits,Radiohead,I Might Be Wrong: Live Recordings
427,428,California King Bed,Rihanna,Loud
428,429,Love You Like a Love Song,Selena Gomez & the Scene,
429,430,Name,Goo Goo Dolls,A Boy Named Goo
430,431,Baby Love,Nicole Scherzinger,Her Name Is Nicole
431,432,When A Man Loves A Woman,Percy Sledge,His Greatest Hits
432,433,Heartbreak Warfare,John Mayer,Battle Studies
433,434,These Words,Natasha Bedingfield,Unwritten
434,435,True Colors,Cyndi Lauper,True Colors
435,436,Back in Your Head,Tegan and Sara,The Con
436,437,Tears and Rain,James Blunt,Back to Bedlam
437,438,Lover I Don't Have to Love,Bright Eyes,3 More Hit Songs From Bright Eyes
438,439,Broken Strings,James Morrison,My Songs 2010
439,440,Lucky,Jason Mraz,We Sing. We Dance. We Steal Things.
440,441,Make Love,Daft Punk,Human After All
441,442,For the First Time,The Script,Science & Faith
442,443,Amie,Damien Rice,O
443,444,Always Be My Baby,Mariah Carey,Daydream
444,445,Love Me Harder,Ariana Grande,My Everything
445,446,Bed,J. Holiday,Back Of My Lac'
446,447,Kim & Jessie,M83,
447,448,Sweetest Thing,U2,U218 Singles
448,449,Can't Fight This Feeling,REO Speedwagon,The Hits
449,450,All I Want Is You,Barry Louis Polisar,My Brother Thinks He's a Banana and other Provocative Songs for Children
450,451,As Long as You Love Me,Backstreet Boys,Backstreet's Back
451,452,"Please, Please, Please, Let Me Get What I Want",The Smiths,Louder Than Bombs
452,453,Introduction,Panic! at the Disco,A Fever You Can't Sweat Out
453,454,Song for You,Alexi Murdoch,Time Without Consequence
454,455,Forrest Gump,Frank Ocean,channel ORANGE
455,456,Unforgettable,Nat King Cole,The Ultimate Collection
456,457,So Real,Jeff Buckley,Grace
457,458,Yoü and I,Lady Gaga,Born This Way
458,459,Minerva,Deftones,Deftones
459,460,Love and Some Verses,Iron & Wine,
460,461,Chariot,Gavin DeGraw,Finest Hour: The Best Of Gavin DeGraw
461,462,Wonderful World,James Morrison,Undiscovered
462,463,West Coast,Coconut Records,Nighttiming
463,464,My Heart,Paramore,All We Know Is Falling
464,465,Always On Time,Ja Rule,Best Of Ja rule
465,466,Sweetest Goodbye,Maroon 5,Songs About Jane
466,467,Countdown,Beyoncé,4
467,468,Cold Water,Damien Rice,O
468,469,Two of Us,The Beatles,Let It Be... Naked
469,470,100 Years,Five for Fighting,The Battle For Everything
470,471,The Light,Common,Like Water for Chocolate
471,472,Touch My Body,Mariah Carey,E=MC²
472,473,My Heart Will Go On,Céline Dion,Let's Talk About Love
473,474,The Adventure,Angels & Airwaves,
474,475,Change The World,Eric Clapton,Clapton Chronicles: The Best of Eric Clapton
475,476,Underneath Your Clothes,Shakira,Laundry Service
476,477,Hero,Enrique Iglesias,Escape
477,478,I Just Called to Say I Love You,Stevie Wonder,The Definitive Collection
478,479,Suga Suga,Baby Bash,Suga Suga
479,480,Angel,Aerosmith,Big Ones
480,481,Faithfully,Journey,Greatest Hits
481,482,Til Kingdom Come,Coldplay,X & Y
482,483,Un-Break My Heart,Toni Braxton,Secrets
483,484,Bullet Proof...I Wish I Was,Radiohead,
484,485,Take My Breath Away,Berlin,Take My Breath Away
485,486,The Dress Looks Nice on You,Sufjan Stevens,Seven Swans
486,487,Hero,Mariah Carey,Music Box
487,488,If You Could Only See,Tonic,Lemon Parade
488,489,If I Needed Someone,The Beatles,Rubber Soul
489,490,If I Fell,The Beatles,A Hard Day's Night
490,491,Songbird,Oasis,Heathen Chemistry
491,492,The Word,The Beatles,Rubber Soul
492,493,God's Plan,Drake,Scary Hours
493,494,Milk,Kings of Leon,Aha Shake Heartbreak
494,495,Realize,Colbie Caillat,Coco
495,496,I've Just Seen a Face,The Beatles,Help!
496,497,Sunshine,Lupe Fiasco,Food & Liquor
497,498,Can You Tell,Ra Ra Riot,The Rhumb Line
498,499,This Years Love,David Gray,White Ladder
499,500,Josie,blink-182,Dude Ranch
500,501,I Am Trying to Break Your Heart,Wilco,Yankee Hotel Foxtrot
501,502,Birds,Kate Nash,Made of Bricks
502,503,Nine Million Bicycles,Katie Melua,Piece by Piece
503,504,Jealous Guy,John Lennon,Imagine
504,505,Hysteric,Yeah Yeah Yeahs,It's Blitz!
505,506,She Has No Time,Keane,Hopes and Fears
506,507,Into You,Ariana Grande,Dangerous Woman
507,508,Remembering Sunday,All Time Low,"So Wrong, It's Right"
508,509,Lean on Me,Bill Withers,Lean on Me: The Best of Bill Withers
509,510,Lonely,Akon,80 From The 00s
510,511,Try Sleeping with a Broken Heart,Alicia Keys,The Element of Freedom
511,512,The Boy Who Blocked His Own Shot,Brand New,Deja Entendu
512,513,What's Love Got to Do With It,Tina Turner,All the Best
513,514,Love at First Sight,Kylie Minogue,Fever
514,515,I Really Like You,Carly Rae Jepsen,I Really Like You
515,516,Spread Your Love,Black Rebel Motorcycle Club,B.R.M.C.
516,517,Who'd Have Known,Lily Allen,Who'd Have Known
517,518,Portions For Foxes,Rilo Kiley,More Adventurous
518,519,Those to Come,The Shins,Chutes Too Narrow
519,520,You Got Me,The Roots,You Got Me
520,521,Hum Hallelujah,Fall Out Boy,Infinity on High
521,522,Brighter Than Sunshine,Aqualung,Still Life
522,523,"Love Me Like You Do - From ""Fifty Shades of Grey""",Ellie Goulding,"Love Me Like You Do (From ""Fifty Shades of Grey"")"
523,524,You're Still the One,Shania Twain,Come on Over
524,525,By Your Side,Sade,Lovers Rock
525,526,Life in Technicolor II,Coldplay,Prospekt's March EP
526,527,Kiss Me,Ed Sheeran,+
527,528,Breathe (2 AM),Anna Nalick,Wreck of the Day
528,529,Addicted to You,Avicii,True
529,530,Pieces of Me,Ashlee Simpson,Autobiography
530,531,You Are the Sunshine of My Life,Stevie Wonder,Talking Book
531,532,Promise,Ciara,The Evolution
532,533,Mint Car,The Cure,Greatest Hits
533,534,Slow It Down,The Lumineers,The Lumineers
534,535,I Just Can't Stop Loving You,Michael Jackson,Bad
535,536,Sunshine,Keane,Hopes and Fears
536,537,Open Arms,Journey,Greatest Hits
537,538,One Time,Justin Bieber,My World
538,539,Big Girls Don't Cry (Personal),Fergie,The Dutchess
539,540,I Should Have Known Better,The Beatles,A Hard Day's Night
540,541,Gotta Be Somebody,Nickelback,Dark Horse
541,542,This Mess We're In,PJ Harvey,"Stories from the City, Stories from the Sea"
542,543,Cath...,Death Cab for Cutie,iTunes Live: London Festival '08
543,544,Echo,Incubus,Morning View
544,545,Seize the Day,Avenged Sevenfold,City of Evil
545,546,Dear God,Avenged Sevenfold,Avenged Sevenfold
546,547,Again,Lenny Kravitz,Greatest Hits
547,548,Kreuzberg,Bloc Party,A Weekend In the City
548,549,Waltz #2 (XO),Elliott Smith,A Weekend In the City
549,550,Talking to the Moon,Bruno Mars,Doo-Wops & Hooligans
550,551,Come On Get Higher,Matt Nathanson,Some Mad Hope
551,552,Thirty-Three,The Smashing Pumpkins,Rarities & B-Sides
552,553,Love Will Come Through,Travis,12 Memories
553,554,Breathe In,Frou Frou,Details
554,555,I'm Gonna Find Another You,John Mayer,Continuum
555,556,Vanilla Twilight,Owl City,Ocean Eyes
556,557,White Horse,Taylor Swift,Fearless
557,558,Love of My Life,Queen,A Night at the Opera
558,559,Tenerife Sea,Ed Sheeran,x
559,560,Right Here Waiting,Richard Marx,Greatest Hits
560,561,Little Motel,Modest Mouse,We Were Dead Before The Ship Even Sank
561,562,Bluish,Animal Collective,Merriweather Post Pavilion
562,563,A Case of You,Joni Mitchell,Blue
563,564,Trust Me,The Fray,How to Save a Life
564,565,To Be With You,Mr. Big,Lean Into It
565,566,She's Always a Woman,Billy Joel,Piano Man: The Very Best Of Billy Joel
566,567,Underneath It All,No Doubt,Rock Steady
567,568,Poison & Wine,The Civil Wars,
568,569,Just The Way You Are,Billy Joel,The Stranger
569,570,All My Life,K-Ci & JoJo,
570,571,I Believe I Can Fly,R. Kelly,R.
571,572,Paper Bag,Fiona Apple,Original Album Classics
572,573,There Is,Box Car Racer,Box Car Racer
573,574,Let It Die,Feist,Let It Die
574,575,All I Want Is You,U2,Rattle And Hum
575,576,Stay,Rihanna,Live At SNL
576,577,Hey Mama,Kanye West,Late Registration
577,578,The Warmth,Incubus,Make Yourself
578,579,Innocence,Avril Lavigne,The Softer Side
579,580,Small Bump,Ed Sheeran,+
580,581,Mess Is Mine,Vance Joy,Dream Your Life Away
581,582,XO,Beyoncé,Beyoncé
582,583,Feel the Love - feat. John Newman,Rudimental,Home
583,584,Jolene,Ray LaMontagne,Trouble
584,585,I'm Like a Lawyer With the Way I'm Always Trying to Get You Off (Me & You),Fall Out Boy,
585,586,"Okay I Believe You, But My Tommy Gun Don't",Brand New,Deja Entendu
586,587,Pierrot the Clown,Placebo,Meds Special Edition
587,588,Without You,Mariah Carey,Music Box
588,589,My Sweet Prince,Placebo,Without You I'm Nothing
589,590,Hope There's Someone,Antony and the Johnsons,I Am a Bird Now
590,591,Closer,Travis,The Boy With No Name
591,592,Last Night I Dreamt That Somebody Loved Me,The Smiths,"Strangeways, Here We Come"
592,593,Stripped,Depeche Mode,Black Celebration
593,594,I Need You,The Beatles,The Best of Beatles
594,595,"There's a Good Reason These Tables Are Numbered Honey, You Just Haven't Thought of It Yet",Panic! at the Disco,A Fever You Can't Sweat Out
595,596,Hold You in My Arms,Ray LaMontagne,Trouble
596,597,Cheers Darlin',Damien Rice,O
597,598,Your Love,Nicki Minaj,Pink Friday
598,599,Buried Myself Alive,The Used,The Used
599,600,It's Only Love,The Beatles,Help!
600,601,Say (All I Need),OneRepublic,Dreaming Out Loud
601,602,Mine,Taylor Swift,Speak Now
602,603,Our Song,Taylor Swift,Taylor Swift
603,604,This Must Be the Place (Naive Melody),Talking Heads,Speaking in Tongues
604,605,Love You Madly,Cake,Comfort Eagle
605,606,Sunday,Bloc Party,A Weekend In the City
606,607,When You're Gone,The Cranberries,Gold
607,608,Check Yes Juliet,We the Kings,We the Kings
608,609,Love Like Winter,AFI,Decemberunderground
609,610,Love Never Felt So Good,Michael Jackson,XSCAPE
610,611,Unconditionally,Katy Perry,PRISM
611,612,I Don't Trust Myself (With Loving You),John Mayer,Continuum
612,613,Never Let This Go,Paramore,All We Know Is Falling
613,614,United States of Eurasia (+Collateral Damage),Muse,
614,615,What Katie Did,The Libertines,The Libertines
615,616,"For the Widows in Paradise, for the Fatherless in Ypsilanti",Sufjan Stevens,Michigan
616,617,Love Is a Laserquest,Arctic Monkeys,Suck It and See
617,618,Nothin' on You (feat. Bruno Mars),B.o.B,Now That's What I Call Music! 76
618,619,It Will Rain,Bruno Mars,It Will Rain
619,620,Firestone,Kygo,Firestone
620,621,Angel,Jack Johnson,Sleep Through The Static
621,622,In the Morning of the Magicians,The Flaming Lips,Yoshimi Battles The Pink Robots
622,623,I Remember,Damien Rice,O
623,624,All Out of Love,Air Supply,Greatest Hits
624,625,Same Mistake,James Blunt,All the Lost Souls
625,626,Neon,John Mayer,Room for Squares
626,627,Fifteen,Taylor Swift,Fearless
627,628,Misguided Ghosts,Paramore,Brand New Eyes
628,629,I Belong to You,Lenny Kravitz,Greatest Hits
629,630,Big Big Love (Fig. 2),Foals,Antidotes
630,631,Music When the Lights Go Out,The Libertines,The Libertines
631,632,When You Say Nothing at All,Ronan Keating,10 Years of Hits
632,633,Where Does the Good Go,Tegan and Sara,So Jealous
633,634,Lost In The World,Kanye West,My Beautiful Dark Twisted Fantasy
634,635,Maybe I'm Amazed,Paul McCartney,Wingspan: Hits and History
635,636,Bottle It Up,Sara Bareilles,Little Voice
636,637,For You Blue,The Beatles,Let It Be... Naked
637,638,Fearless,Taylor Swift,Fearless
638,639,RX Queen,Deftones,White Pony
639,640,The Morning,The Weeknd,House of Balloons
640,641,Perfect,Ed Sheeran,÷ (Deluxe)
641,642,Hero/Heroine,Boys Like Girls,Boys Like Girls
642,643,You Make It Real,James Morrison,"Songs for You, Truths for Me"
643,644,Cry,James Blunt,Back to Bedlam
644,645,Baby Can I Hold You,Tracy Chapman,Tracy Chapman
645,646,Go Slowly,Radiohead,In Rainbows Disk 2
646,647,Ladies and Gentlemen We Are Floating in Space,Spiritualized,Ladies and Gentlemen We Are Floating in Space
647,648,I'll Believe in Anything,Wolf Parade,Apologies to the Queen Mary
648,649,Dark Blue,Jack's Mannequin,Everything in Transit
649,650,Home,Phillip Phillips,Home
650,651,She's Got You High,Mumm-Ra,These Things Move In Threes
651,652,"Perhaps, Perhaps, Perhaps",Cake,Fashion Nugget
652,653,You'll Be In My Heart,Phil Collins,Love Songs: A Compilation... Old and New
653,654,After Hours,The Velvet Underground,Live at Max's Kansas City
654,655,This Is Love,PJ Harvey,"Stories from the City, Stories from the Sea"
655,656,Everywhere,Michelle Branch,The Spirit Room
656,657,Falling Slowly,Glen Hansard & Markéta Irglová,
657,658,Battlefield,Jordin Sparks,Battlefield
658,659,You Are the Best Thing,Ray LaMontagne,Gossip In The Grain
659,660,Differences,Ginuwine,The Life
660,661,L-O-V-E,Nat King Cole,The World of Nat King Cole
661,662,Passionfruit,Drake,More Life
662,663,Degausser,Brand New,The Devil and God Are Raging Inside Me
663,664,Next to Me,Emeli Sandé,Our Version of Events
664,665,Broken-Hearted Girl,Beyoncé,I Am... Sasha Fierce
665,666,Stop Me If You Think You've Heard This One Before,The Smiths,The Sound of The Smiths
666,667,That's the Way Love Goes,Janet Jackson,Janet
667,668,What's My Name?,Rihanna,Loud
668,669,I'll Be There,The Jackson 5,Love Songs
669,670,Tattoo,Jordin Sparks,Jordin Sparks
670,671,Love Is Noise,The Verve,Forth
671,672,Lovestain,José González,Remain EP
672,673,No Ordinary Love,Sade,The Best Of Sade
673,674,Love Is No Big Truth,Kings of Convenience,Riot on an Empty Street
674,675,Shine,Benjamin Francis Leftwich,Last Smoke Before The Snowstorm
675,676,The Writer,Ellie Goulding,Bright Lights
676,677,Like You,Bow Wow,Wanted
677,678,Stand Inside Your Love,The Smashing Pumpkins,Machina/The Machines of God
678,679,Carry You Home,James Blunt,All the Lost Souls
679,680,Inside and Out,Feist,Let It Die
680,681,My Paper Heart,The All-American Rejects,Tournado
681,682,Silver and Cold,AFI,Sing the Sorrow
682,683,Woods,Bon Iver,Blood Bank
683,684,Silver Lining,Rilo Kiley,Under The Blacklight
684,685,Blue Eyes,Cary Brothers,Who You Are
685,686,How Do I Breathe,Mario,Go
686,687,I Knew You Were Trouble,Taylor Swift,Red Karaoke
687,688,Hey Now,London Grammar,If You Wait
688,689,Across the Sea,Weezer,Pinkerton
689,690,Butterfly,Jason Mraz,We Sing. We Dance. We Steal Things.
690,691,Vienna,The Fray,How to Save a Life
691,692,The Way You Look Tonight,Frank Sinatra,Sinatra Reprise: The Very Good Years
692,693,I'm Lost Without You,blink-182,blink-182
693,694,Closer,Joshua Radin,We Were Here
694,695,Our House,"Crosby, Stills, Nash & Young",
695,696,I'll Be Back,The Beatles,Love Songs
696,697,Often,The Weeknd,Often
697,698,Blue and Yellow,The Used,The Used
698,699,Crazy Love,Van Morrison,Moondance
699,700,Saturday,Fall Out Boy,Take This to Your Grave
700,701,Nothing Lasts Forever,Maroon 5,It Won't Be Soon Before Long
701,702,All alright,Sigur Rós,Með suð í eyrum við spilum endalaust
702,703,Yes I'm Changing,Tame Impala,Currents
703,704,Sacrifice,Elton John,Love Songs
704,705,"New Person, Same Old Mistakes",Tame Impala,Currents
705,706,She's the One,Robbie Williams,Greatest Hits
706,707,Somewhere a Clock Is Ticking,Snow Patrol,Final Straw
707,708,Hounds of Love,Kate Bush,Hounds of Love
708,709,Mountain At My Gates,Foals,What Went Down
709,710,Alive with the Glory of Love,Say Anything,Is A Real Boy
710,711,The Show,Lenka,Lenka
711,712,Cigarette Daydreams,Cage the Elephant,Melophobia
712,713,Please Forgive Me,David Gray,White Ladder
713,714,Soul Love,David Bowie,The Rise and Fall of Ziggy Stardust and the Spiders From Mars
714,715,Everyday,Buddy Holly,Greatest Hits
715,716,XO,Fall Out Boy,From Under the Cork Tree
716,717,I'm Happy Just to Dance with You,The Beatles,The Beatles (disc 1)
717,718,Body Electric,Lana Del Rey,Born to Die - The Paradise Edition
718,719,Renegades,X Ambassadors,VHS
719,720,The Purple Bottle,Animal Collective,Feels
720,721,How's It Going To Be,Third Eye Blind,A Collection
721,722,Songbird,Fleetwood Mac,Rumours
722,723,Higher Love,James Vincent McMorrow,We don't eat
723,724,Dead Sea,The Lumineers,The Lumineers
724,725,Your New Twin Sized Bed,Death Cab for Cutie,Narrow Stairs
725,726,Stars,Simply Red,Stars
726,727,I And Love And You,The Avett Brothers,I and Love and You
727,728,I'll Make Love to You,Boyz II Men,II
728,729,Where'd You Go,Fort Minor,Where'd You Go
729,730,Amazed,Lonestar,Lonely Grill
730,731,Cupid De Locke,The Smashing Pumpkins,Mellon Collie and the Infinite Sadness
731,732,Falling for You,Weezer,Pinkerton
732,733,If You Leave Me Now,Chicago,The Chicago Story
733,734,You And I,Ingrid Michaelson,Be OK
734,735,Futile Devices,Sufjan Stevens,The Age of Adz
735,736,Only Love Can Break Your Heart,Neil Young,After the Gold Rush
736,737,Everything You Want,Vertical Horizon,Everything You Want
737,738,Champagne From a Paper Cup,Death Cab for Cutie,Something About Airplanes
738,739,Looking Up,Paramore,Brand New Eyes
739,740,Suffocate,J. Holiday,Back Of My Lac'
740,741,Fall for You,Secondhand Serenade,A Twist in My Story
741,742,Is This Love?,Clap Your Hands Say Yeah,Clap Your Hands Say Yeah
742,743,Ex-Factor,Lauryn Hill,The Miseducation of Lauryn Hill
743,744,Try,Nelly Furtado,Folklore
744,745,If She Wants Me,Belle and Sebastian,Dear Catastrophe Waitress
745,746,Violently Happy,Björk,Debut
746,747,Love,The Smashing Pumpkins,Mellon Collie and the Infinite Sadness
747,748,Kill,Jimmy Eat World,Futures
748,749,Into My Arms,Nick Cave & The Bad Seeds,
749,750,"You're the First, the Last, My Everything",Barry White,The Ultimate Collection
750,751,Syrup & Honey,Duffy,
751,752,Dearest,Buddy Holly,Love Songs
752,753,Soulmate,Natasha Bedingfield,N.B.
753,754,Stolen,Dashboard Confessional,Dusk And Summer
754,755,Not Like the Movies,Katy Perry,Teenage Dream
755,756,Hungry Eyes,Eric Carmen,Dirty Dancing
756,757,This Love (Will Be Your Downfall),Ellie Goulding,Bright Lights
757,758,Gone for Good,The Shins,Chutes Too Narrow
758,759,Together,The Raconteurs,Broken Boy Soldiers
759,760,I Have Nothing,Whitney Houston,The Bodyguard
760,761,Dream Catch Me,Newton Faulkner,Hand Built By Robots
761,762,Bang the Doldrums,Fall Out Boy,Infinity on High
762,763,Soldier On,The Temper Trap,Conditions
763,764,SING,My Chemical Romance,Danger Days: The True Lives of the Fabulous Killjoys
764,765,Love Burns,Black Rebel Motorcycle Club,B.R.M.C.
765,766,Before the Worst,The Script,The Script
766,767,(There Is) No Greater Love,Amy Winehouse,Frank
767,768,Lay Me Down,Sam Smith,Lay Me Down
768,769,Foolish Games,Jewel,Pieces of You
769,770,Biological,Air,Talkie Walkie
770,771,Mean,Taylor Swift,Speak Now
771,772,My Love Is Your Love,Whitney Houston,My Love Is Your Love
772,773,Sail Away,David Gray,White Ladder
773,774,Fallin' for You,Colbie Caillat,Breakthrough
774,775,I Hope That I Don't Fall in Love With You,Tom Waits,Closing Time
775,776,"Earned It (Fifty Shades Of Grey) - From The ""Fifty Shades Of Grey"" Soundtrack",The Weeknd,"Earned It (Fifty Shades Of Grey) [From The ""Fifty Shades Of Grey"" Soundtrack]"
776,777,2 Atoms In A Molecule,Noah and the Whale,"Peaceful, The World Lays Me Down"
777,778,Twenty Years,Placebo,Once More With Feeling - Singles 1996-2004
778,779,All of This,blink-182,blink-182
779,780,Cupid,Jack Johnson,On and On
780,781,Love Is All,The Tallest Man on Earth,The Wild Hunt
781,782,The Saltwater Room,Owl City,Ocean Eyes
782,783,Let There Be Love,Oasis,Don't Believe the Truth
783,784,Chinese,Lily Allen,"It’s Not Me, It’s You"
784,785,Modern Romance,Yeah Yeah Yeahs,Live In Mexico City
785,786,I'm the Man Who Loves You,Wilco,Yankee Hotel Foxtrot
786,787,Killing For Love,José González,
787,788,Hear Me Out,Frou Frou,Details
788,789,Lived in Bars,Cat Power,The Greatest
789,790,She Is Love,Parachute,Losing Sleep
790,791,A Beautiful Mess,Jason Mraz,We Sing. We Dance. We Steal Things.
791,792,Walk Away,Ben Harper,Welcome To The Cruel World
792,793,Northern Downpour,Panic! at the Disco,Pretty. Odd.
793,794,The Mixed Tape,Jack's Mannequin,Everything in Transit
794,795,P.S. I Love You,The Beatles,Please Please Me
795,796,Come to Me,Björk,Debut
796,797,Back to December,Taylor Swift,Speak Now
797,798,Pitseleh,Elliott Smith,A Proper Introduction
798,799,Rootless Tree,Damien Rice,9
799,800,Do You Want to Know a Secret,The Beatles,Please Please Me
800,801,Despair In The Departure Lounge,Arctic Monkeys,Who the Fuck Are Arctic Monkeys?
801,802,Against All Odds,Phil Collins,Love Songs: A Compilation... Old and New
802,803,You Are So Beautiful,Joe Cocker,Greatest Hits
803,804,Luna,The Smashing Pumpkins,Siamese Dream
804,805,Love Song,311,Greatest Hits '93-'03
805,806,Beautiful Soul,Jesse McCartney,Beautiful Soul
806,807,Stand by Me,John Lennon,Lennon Legend: The Very Best of John Lennon
807,808,One Thing,One Direction,Up All Night
808,809,The Lady in Red,Chris de Burgh,The Love Songs
809,810,Thunder,Boys Like Girls,Boys Like Girls
810,811,Hailie's Song,Eminem,The Eminem Show
811,812,Twilight,Elliott Smith,From a Basement on the Hill
812,813,Monsters,Band of Horses,Everything All the Time
813,814,2 Become 1,Spice Girls,Spice
814,815,Must Be Dreaming,Frou Frou,Details
815,816,"Lloyd, I'm Ready To Be Heartbroken",Camera Obscura,"Lloyd, I'm Ready To Be Heartbroken"
816,817,Till There Was You,The Beatles,With The Beatles
817,818,Seaweed Song,Passion Pit,Manners
818,819,Please Forgive Me,Bryan Adams,So Far So Good
819,820,You Won't Know,Brand New,The Devil and God Are Raging Inside Me
820,821,Half of My Heart,John Mayer,Battle Studies
821,822,Mistletoe,Justin Bieber,Under the Mistletoe
822,823,Wire to Wire,Razorlight,Slipway Fires
823,824,A Sorta Fairytale,Tori Amos,Scarlet's Walk
824,825,You Got It,Roy Orbison,Mystery Girl
825,826,Every Night,Imagine Dragons,Night Visions
826,827,Love Drunk,Boys Like Girls,Love Drunk
827,828,Re-Offender,Travis,12 Memories
828,829,Secret Smile,Semisonic,Feeling Strangely Fine
829,830,End of the Road,Boyz II Men,Legacy: The Greatest Hits Collection
830,831,Turn,Travis,The Man Who
831,832,Everything Reminds Me Of Her,Elliott Smith,Figure 8
832,833,Teardrops on My Guitar,Taylor Swift,Taylor Swift
833,834,I'll Be Yours,Placebo,Soulmates Never Die: Live in Paris 2003
834,835,Call Out My Name,The Weeknd,"My Dear Melancholy,"
835,836,Undiscovered,James Morrison,Undiscovered
836,837,Song for Zula,Phosphorescent,Muchacho
837,838,"If You Don't, Don't",Jimmy Eat World,Bleed American
838,839,Radio Cure,Wilco,Yankee Hotel Foxtrot
839,840,I Don't Believe You,P!nk,Funhouse
840,841,A Letter To Elise,The Cure,Wish
841,842,My Cherie Amour,Stevie Wonder,The Definitive Collection
842,843,Gold Soundz,Pavement,"Crooked Rain, Crooked Rain"
843,844,Come Home,OneRepublic,Dreaming Out Loud
844,845,Atlantic,Keane,Under the Iron Sea
845,846,Keep Breathing,Ingrid Michaelson,Be OK
846,847,Upward Over the Mountain,Iron & Wine,
847,848,Five Minutes To Midnight,Boys Like Girls,Boys Like Girls
848,849,Lovesong of the Buzzard,Iron & Wine,
849,850,Apartment,Young the Giant,Young the Giant
850,851,Not the Sun,Brand New,The Devil and God Are Raging Inside Me
851,852,Baby It's You,The Beatles,The Early Beatles
852,853,Letters to You,Finch,What It Is to Burn
853,854,Back to You,John Mayer,Room for Squares
854,855,The Pieces Don't Fit Anymore,James Morrison,Undiscovered
855,856,Heels Over Head,Boys Like Girls,Boys Like Girls
856,857,Alone Again Or,Love,Forever Changes
857,858,Let It Be Me,Ray LaMontagne,Gossip In The Grain
858,859,Please Don't Stop the Rain,James Morrison,"Songs for You, Truths for Me"
859,860,Just Say Yes,Snow Patrol,Up to Now
860,861,I Go to the Barn Because I Like The,Band of Horses,Everything All the Time
861,862,The Fragile,Nine Inch Nails,The Fragile
862,863,Criminal,Britney Spears,Femme Fatale
863,864,Like Someone in Love,Björk,Debut
864,865,Your Love Is King,Sade,The Best Of Sade
865,866,First Love,The Maccabees,Colour It In
866,867,Little Things,One Direction,Take Me Home
867,868,Romeo and Juliet,The Killers,Sawdust
868,869,Toxic Girl,Kings of Convenience,Quiet Is the New Loud
869,870,The (After) Life of the Party,Fall Out Boy,Infinity on High
870,871,If It Kills Me,Jason Mraz,We Sing. We Dance. We Steal Things.
871,872,Empty Apartment,Yellowcard,Beyond Ocean Avenue: Live at the Electric Factory
872,873,I'm Your Man,Leonard Cohen,I'm Your Man
873,874,The Way You Like It,Adema,Adema
874,875,Cupid,Sam Cooke,The Man and His Music
875,876,Red,Taylor Swift,Red
876,877,Dry Your Eyes,The Streets,A Grand Don't Come for Free
877,878,Say,John Mayer,Say
878,879,Oblivion,Bastille,All This Bad Blood
879,880,Bowl of Oranges,Bright Eyes,"Lifted or The Story Is in the Soil, Keep Your Ear to the Ground"
880,881,Adore You,Miley Cyrus,Bangerz
881,882,The Power of Love,Frankie Goes to Hollywood,Bang !
882,883,Forever,Ben Harper,Welcome To The Cruel World
883,884,I Just Don't Think I'll Ever Get Over You,Colin Hay,Transcendental Highway
884,885,See You Soon,Coldplay,The Blue Room
885,886,America's Suitehearts,Fall Out Boy,Believers Never Die - Greatest Hits
886,887,Tautou,Brand New,Deja Entendu
887,888,Killing Me Softly With His Song,Roberta Flack,Killing Me Softly
888,889,The Start of Something,Voxtrot,Raised by Wolves
889,890,Fresh Feeling,Eels,Souljacker
890,891,Too Much Love Will Kill You,Queen,"The Platinum Collection (Greatest Hits I, II & III)"
891,892,One More Night,Phil Collins,No Jacket Required
892,893,Anna (Go to Him),The Beatles,Please Please Me
893,894,Energy,Drake,If You're Reading This It's Too Late
894,895,I Guess That's Why They Call It the Blues,Elton John,Too Low For Zero
895,896,The Shrine / An Argument,Fleet Foxes,Helplessness Blues
896,897,Time in a Bottle,Jim Croce,Greatest Hits
897,898,So Nice So Smart,Kimya Dawson,Knock-Knock Who?
898,899,It Won't Be Long,The Beatles,With The Beatles
899,900,Baby I'm Yours,Arctic Monkeys,Leave Before the Lights Come On
900,901,The Lady in My Life,Michael Jackson,Thriller
901,902,Cocoon,Björk,Vespertine
902,903,Show Me the Meaning of Being Lonely,Backstreet Boys,Millennium
903,904,Big Girls Cry,Sia,1000 Forms of Fear
904,905,Early Winter,Gwen Stefani,Early Winter
905,906,Falling,Florence + the Machine,Lungs
906,907,Back at One,Brian McKnight,Back At One
907,908,Boat Behind,Kings of Convenience,Declaration of Dependence
908,909,Stay,Lisa Loeb,The Very Best Of
909,910,In the Name of Love,Martin Garrix,In The Name Of Love
910,911,Atlas Hands,Benjamin Francis Leftwich,A Million Miles Out
911,912,A Taste of Honey,The Beatles,Please Please Me
912,913,"Lights Out, Words Gone",Bombay Bicycle Club,A Different Kind of Fix
913,914,Bel Air,Lana Del Rey,Born to Die - The Paradise Edition
914,915,Ageless Beauty,Stars,Set Yourself on Fire
915,916,re:Stacks,Bon Iver,
916,917,Love Is All Around,Wet Wet Wet,Picture This
917,918,Guernica,Brand New,Deja Entendu
918,919,Love's Not a Competition (But I'm Winning),Kaiser Chiefs,Souvenir: The Singles 2004-2012
919,920,Live While We're Young,One Direction,Take Me Home
920,921,Always Love,Nada Surf,The Weight Is a Gift
921,922,Thinking About You,Norah Jones,Not Too Late
922,923,Shadowboxer,Fiona Apple,Tidal
923,924,Hungover,Ke$ha,Animal
924,925,Doesn't Mean Anything,Alicia Keys,The Element of Freedom
925,926,My Sundown,Jimmy Eat World,Bleed American
926,927,Breathe,Faith Hill,Breathe
927,928,Your Love Is a Lie,Simple Plan,Simple Plan
928,929,Wings,Birdy,Wings
929,930,The Longest Time,Billy Joel,An Innocent Man
930,931,23,Jimmy Eat World,Futures
931,932,We Both Go Down Together,The Decemberists,Picaresque
932,933,Broken,Lifehouse,Who We Are
933,934,Kiss You,One Direction,Take Me Home
934,935,I Know I Know I Know,Tegan and Sara,So Jealous
935,936,Like I Can,Sam Smith,In the Lonely Hour
936,937,Alibi,30 Seconds to Mars,This Is War
937,938,Wish You Were Here,Avril Lavigne,Goodbye Lullaby
938,939,Cocoon,Jack Johnson,On and On
939,940,I'll Stand By You,The Pretenders,Last Of The Independents
940,941,Why,Annie Lennox,Diva
941,942,Follow Through,Gavin DeGraw,Finest Hour: The Best Of Gavin DeGraw
942,943,Same Old Love,Selena Gomez,Revival
943,944,Anna Begins,Counting Crows,August And Everything After
944,945,Sweetest Kill,Broken Social Scene,Forgiveness Rock Record
945,946,Centrefolds,Placebo,Sleeping with Ghosts
946,947,The Heart Wants What It Wants,Selena Gomez,For You
947,948,You Really Got a Hold on Me,The Beatles,With The Beatles
948,949,Play Crack the Sky,Brand New,Deja Entendu
949,950,Only You,Joshua Radin,We Were Here
950,951,If You're Gone,Matchbox Twenty,Mad Season
951,952,The Luckiest,Ben Folds,Ben Folds Live
952,953,Lion's Mane,Iron & Wine,
953,954,Jaws Theme Swimming,Brand New,Deja Entendu
954,955,Purple Rain,Prince & The Revolution,
955,956,I Don't Know What I Can Save You From,Kings of Convenience,Kings of Convenience
956,957,Lucky You,The National,Sad Songs for Dirty Lovers
957,958,Think I'm In Love,Beck,The Information
958,959,If Not for You,Bob Dylan,New Morning
959,960,It's Good To Be In Love,Frou Frou,Details
960,961,King of Anything,Sara Bareilles,Kaleidoscope Heart
961,962,Parachute,Cheryl Cole,3 Words
962,963,Tout Doucement,Feist,Open Season: Remixes And Collabs
963,964,Emotion,Destiny's Child,The Concert for New York City
964,965,Sometime Around Midnight,The Airborne Toxic Event,The Airborne Toxic Event
965,966,You're Not Alone,Saosin,Saosin
966,967,Be Be Your Love,Rachael Yamagata,Happenstance
967,968,Born to Make You Happy,Britney Spears,Greatest Hits: My Prerogative
968,969,You Were Meant For Me,Jewel,Pieces of You
969,970,Coffee,Sylvan Esso,Coffee
970,971,At My Most Beautiful,R.E.M.,In Time: The Best of R.E.M. 1988-2003
971,972,Sorry Seems to Be the Hardest Word,Elton John,Love Songs
972,973,"Vermilion, Pt. 2",Slipknot,
973,974,Ain't Nobody (Loves Me Better),Felix Jaehn,I
974,975,By Your Side,CocoRosie,La maison de mon rêve
975,976,Wildest Moments,Jessie Ware,Devotion
976,977,Good Directions,Billy Currington,Doin' Somethin' Right
977,978,Rewind,Paolo Nutini,These Streets
978,979,Incomplete,Backstreet Boys,Never Gone
979,980,Hey Stephen,Taylor Swift,Fearless
980,981,Too Lost in You,Sugababes,Three
981,982,I Knew I Loved You,Savage Garden,Affirmation
982,983,Thirteen,Big Star,#1 Record
983,984,Home Again,Michael Kiwanuka,Home Again
984,985,Land Locked Blues,Bright Eyes,"I’m Wide Awake, It’s Morning"
985,986,Overgrown,James Blake,Overgrown
986,987,Southern Girl,Incubus,A Crow Left of the Murder...
987,988,"You're Crashing, But You're No Wave",Fall Out Boy,Infinity on High
988,989,Pachuca Sunrise,Minus the Bear,Menos El Oso
989,990,Love,John Lennon,Lennon Legend: The Very Best of John Lennon
990,991,Hold Me Tight,The Beatles,With The Beatles
991,992,Seventy Times 7,Brand New,Your Favorite Weapon
992,993,Here in My Room,Incubus,A Crow Left of the Murder...
993,994,Everybody's Gotta Learn Sometimes,Beck,Cinematic Treatment
994,995,Goodbye Kiss,Kasabian,Velociraptor!
995,996,Great Romances of the 20th Century,Taking Back Sunday,Tell All Your Friends
996,997,The Story,Brandi Carlile,The Story
997,998,One,Ed Sheeran,x
998,999,Surprise Ice,Kings of Convenience,Riot on an Empty Street
999,1000,Wake Me Up,Ed Sheeran,+
